"","Species","Area","Bac_PCoA1","Bac_PCoA2","Bac_PCoA3"
"Rat10","R. norvegicus","City regions",0.0154240549490998,-0.115445704098365,0.0103376971712871
"Rat12","R. norvegicus","City regions",0.281228149731812,0.0663482676525592,-0.101463887445063
"Rat13","R. norvegicus","City regions",0.368689464612129,-0.0816336532686754,-0.0898752289073387
"Rat16","R. norvegicus","City regions",0.329272059065183,-0.121862385702614,-0.097759702609166
"Rat18","R. tanezumi","City regions",-0.211566985601323,0.09024899772767,-0.344853327787696
"Rat23","R. tanezumi","City regions",-0.296073495211831,-0.10861607421796,-0.147759963833663
"Rat24","R. tanezumi","City regions",-0.205016002059301,0.176882649818899,-0.20529582336363
"Rat25","R. tanezumi","City regions",-0.151246193985181,0.155884524194215,-0.324487346135447
"Rat2","R. norvegicus","City regions",0.363349871348749,-0.082910721397151,-0.0915020110572095
"Rat4","R. norvegicus","City regions",0.35804032869712,-0.0399213740113329,-0.111637090145054
"Rat5","R. tanezumi","City regions",-0.236251668204057,0.147963758418973,-0.181300789942746
"Rat8","R. tanezumi","City regions",-0.188994771754145,0.0487915077585543,-0.353402090263579
"Rat21","R. norvegicus","City regions",0.291042619829945,-0.0809547703525706,-0.0460858821652776
"Rat61","R. norvegicus","Livestock",0.26966130746312,0.165077517251824,0.0691457409385156
"Rat60","R. norvegicus","Livestock",0.379390258246579,-0.0531428681506548,0.116795378653585
"Rat57","R. norvegicus","Livestock",0.312810195386523,-0.0443394483165842,0.184528962232604
"Rat52","R. norvegicus","Livestock",0.226559823500929,0.0148509935008146,-0.0502620603187037
"Rat51","R. norvegicus","Livestock",0.419423871680541,-0.0457603550481308,0.00237067146037871
"Rat50","R. norvegicus","Livestock",0.444587138252058,-0.114680035244911,0.0311871445925605
"Rat47","R. norvegicus","Livestock",0.398127083981708,-0.0702181647050145,0.0538306547277168
"Rat40","R. norvegicus","City regions",0.343303165614878,-0.093552969186295,-0.0477685693885894
"Rat32","R. norvegicus","City regions",0.409289033524064,-0.0795862856473381,-0.0574508265999144
"Rat26","R. norvegicus","City regions",0.353785226958447,-0.143444312075508,0.0537589782604299
"Rat238","R. norvegicus","Suburbs",-0.0494624870377835,0.362040321361952,0.349597286439709
"Rat198","R. norvegicus","Livestock",0.153204573200401,0.0971853189050557,0.184107827594915
"Rat142","R. norvegicus","Suburbs",0.108992203907703,0.339999936832985,0.0379030426354551
"Rat141","R. norvegicus","Suburbs",-0.0178703249899183,0.214081702660681,0.212587453832003
"Rat137","R. norvegicus","Suburbs",-0.276512270715862,-0.138493720103793,0.0799598482245517
"Rat122","R. tanezumi","Livestock",-0.229067236019365,-0.0970216179347725,0.175989392830711
"Rat125","R. tanezumi","Livestock",-0.28449993212846,-0.0710779245927042,-0.0287738701919387
"Rat124","R. tanezumi","Livestock",-0.269795217788198,-0.135969487739159,0.0161517995612523
"Rat120","R. tanezumi","Livestock",-0.339976866435381,-0.196694566611275,0.032747689957793
"Rat123","R. tanezumi","Livestock",-0.279082070293402,-0.135825421359953,0.0415418488126048
"Rat41","R. tanezumi","City regions",-0.24020739553574,0.17000956314348,-0.101312857285095
"Rat39","R. tanezumi","City regions",-0.285436418489783,-0.0865871117479062,0.102024336496667
"Rat34","R. tanezumi","City regions",-0.307384353201434,-0.160206278347555,-0.0401670230628543
"Rat29","R. tanezumi","City regions",-0.306988837789307,-0.222748566640202,0.0287804272169713
"Rat231","R. tanezumi","Suburbs",-0.193861046496597,0.0372932956127879,0.142627591784884
"Rat225","R. tanezumi","Suburbs",-0.06922539087677,0.244290061118186,-0.115595531787598
"Rat222","R. tanezumi","Suburbs",-0.0633876138460582,0.289723430584563,-0.123988616240064
"Rat197","R. tanezumi","Suburbs",-0.243832837639764,0.000374589594075753,0.0557909061415035
"Rat187","R. tanezumi","Suburbs",-0.162283410080177,0.315378648756807,0.241511138480205
"Rat143","R. tanezumi","Suburbs",-0.245947808862521,0.134327681473612,0.232760894407289
"Rat128","R. tanezumi","Livestock",-0.330254689008812,-0.273142080701265,0.113373936800977
"Rat127","R. tanezumi","Livestock",-0.341955105899814,-0.276916869166,0.0913318492760596
