sample	virulent_richness	virulent_shannon	temperate_richness	temperate_shannon
Rat10	14.0	2.2445860931145085	13.0	1.6245976729066878
Rat12	12.0	2.2299928004530587	14.0	1.5935521129955377
Rat120	7.0	1.4351090566771285	8.0	0.8558250221179452
Rat122	8.0	1.6190498224542442	5.0	0.8071043810526083
Rat123	13.0	2.2463049276577296	5.0	0.945433602725181
Rat124	10.0	1.9450708060773692	7.0	1.0413020790687268
Rat125	5.0	1.3664416241945778	6.0	0.831506823080492
Rat127	10.0	2.050553778786806	7.0	0.6116196940823104
Rat128	7.0	1.4941107306954675	11.0	1.297927699060227
Rat13	8.0	1.866426954940452	18.0	1.748330013653031
Rat137	4.0	0.7621330088305647	5.0	0.48379365834437066
Rat138	6.0	1.589465239929225	5.0	0.9808221856881421
Rat139	3.0	0.4448473359329539	3.0	0.56818291361647
Rat140	4.0	0.5479547847209186	4.0	0.4609626747740633
Rat141	10.0	1.9342836424999394	7.0	1.44014452227523
Rat142	9.0	1.7127896446038084	9.0	1.2463856697489084
Rat143	12.0	2.125226003619201	3.0	0.38498284434715835
Rat16	20.0	2.535573265086844	17.0	1.8957789242008847
Rat18	17.0	1.7096687822601535	9.0	0.6226397620047489
Rat187	0.0	0.0	2.0	0.6875101967340115
Rat197	4.0	1.3843917812607378	2.0	0.18010414081591145
Rat198	5.0	0.25997068573335413	6.0	1.2586464880434598
Rat2	21.0	2.5663867788528494	16.0	1.6796065193345417
Rat201	0.0	0.0	0.0	0.0
Rat21	7.0	1.6552572339611036	7.0	1.2736882472104867
Rat222	2.0	0.6403692715474814	2.0	0.5349527771431792
Rat225	7.0	1.7239674981760487	12.0	2.135132307116543
Rat226	8.0	1.759965227893319	3.0	0.6813071741265879
Rat23	12.0	1.6116028963183524	17.0	1.3707764105559006
Rat230	9.0	1.6769995539222444	5.0	1.1289958015667334
Rat231	14.0	2.5075253954129963	8.0	1.41602522893601
Rat236	4.0	1.2852594328160065	2.0	0.5212284269120344
Rat237	11.0	2.000601065587743	7.0	1.2932438722058412
Rat238	6.0	1.2469832144525645	5.0	1.1594660742669656
Rat24	13.0	1.8682924992222079	15.0	1.8297354921446731
Rat25	13.0	1.7599695957090662	8.0	1.2386751941321725
Rat26	20.0	2.0637679655505945	17.0	1.76497073139777
Rat29	9.0	1.812779763242525	3.0	0.6755682572006105
Rat32	10.0	1.9783477484398109	14.0	1.7266146202335566
Rat34	11.0	1.9917646792530461	3.0	0.22390064703632015
Rat39	12.0	2.3199089466309255	9.0	1.1861922434059313
Rat4	16.0	2.406648010070965	14.0	1.7415306297768542
Rat40	11.0	2.1796755194499196	10.0	1.186339528467966
Rat41	14.0	2.2092438400428587	7.0	1.4975485575289675
Rat47	19.0	2.5949723048984157	20.0	2.2974253111811427
Rat5	10.0	2.1310035758193493	12.0	1.3435706665422797
Rat50	19.0	1.6791761756494088	23.0	2.213740471849707
Rat51	22.0	2.5432805080086185	22.0	2.016518406798286
Rat52	27.0	2.759781895402056	18.0	1.9421225943196863
Rat57	16.0	1.9853276118151344	11.0	1.4449324384505415
Rat60	15.0	1.8181842545214106	28.0	2.4688977608131757
Rat61	24.0	2.854457316541899	22.0	2.483535973986383
Rat8	17.0	2.3838230641496123	10.0	0.9803284979151397
