sample,avg_pi,std_error,total_votus,subsample_size_used
Rat10,0.0005708439107297418,6.934079771127785e-05,138,100
Rat57,0.00038389027243655206,7.51801554433453e-05,206,100
Rat13,0.0005767567732025224,8.495649451943273e-05,210,100
Rat16,0.0007790399490960775,0.00010196966608787032,211,100
Rat2,0.0006255374757779767,9.98582990342816e-05,234,100
Rat26,0.00044277725416165943,8.65886909913163e-05,310,100
Rat32,0.0009868669697220183,9.98467110611261e-05,172,100
Rat47,0.0008334061465983199,3.767951650976952e-05,107,100
Rat50,0.0006935261745283463,7.826134591943437e-05,155,100
Rat51,0.0004060658263321786,5.412959943555805e-05,135,100
Rat52,0.0004920528223184254,4.2267414816520957e-05,119,100
Rat60,0.0004992633217292083,0.00010177327262091932,257,100
Rat61,0.00045220252679986097,4.8406576953097714e-05,128,100
Rat125,0.0005446360902625122,6.237696931738325e-20,70,70
Rat128,0.000698973490025136,7.499367477144291e-05,141,100
Rat197,0.0006213260239036901,1.042752259412856e-19,54,54
Rat29,0.0009741037954080843,9.60500381375566e-05,137,100
Rat127,0.000769014963130652,4.534096594240201e-05,110,100
Rat138,0.0002816088084903523,1.8303439293869115e-20,64,64
Rat23,0.0015548189584023671,0.00010824573823906701,126,100
Rat5,0.0008596129982255967,0.00011722475397192862,185,100
Rat24,0.0008700708746757755,0.00012198270746189927,235,100
Rat12,0.0006360623986681232,0.00010475222402224939,258,100
Rat18,0.0007831355753069858,0.00010806975785228003,236,100
Rat21,0.0004455225392853266,7.66792108934352e-05,145,100
Rat225,0.0004899551792464072,4.253608606950226e-05,125,100
Rat238,0.00039929005767524225,4.660177907702855e-20,82,82
Rat40,0.0006505355623340436,6.287433645225951e-05,132,100
Rat143,0.0013167243175617486,1.8816452866246417e-19,67,67
Rat141,0.0003275304655487568,2.4041334764967695e-05,111,100
Rat230,0.0007490134631934129,5.0717462498801914e-05,119,100
Rat34,0.001094324172424135,5.627948921812978e-05,113,100
Rat8,0.0008760548083550057,0.00013231127582577428,212,100
Rat120,0.0009391461741286735,8.886664498890122e-05,140,100
Rat124,0.0006354873691753189,3.185388030236525e-05,107,100
Rat237,0.0005035766240304129,6.519000013116522e-05,151,100
Rat25,0.0007604640199076786,0.00011386044355369957,245,100
Rat39,0.0007539931157290098,8.087926037189228e-05,137,100
Rat4,0.0006255431757574013,8.292636201742155e-05,183,100
Rat41,0.0005315426109264721,5.901269952267211e-05,154,100
Rat198,0.0008863626210870497,1.0545224776541674e-19,38,38
Rat142,0.00029820794475622116,2.5441527607973887e-05,112,100
Rat123,0.0003463017531974496,3.0280118785126723e-20,34,34
Rat122,0.00021095869722977668,6.420523149666162e-20,73,73
Rat226,0.0006290576994778061,4.634099609578622e-05,118,100
Rat137,0.0007330380640271504,9.174170017983959e-20,59,59
Rat140,0.001077493230921288,2.184606844340301e-19,24,24
Rat222,0.00037897671857197693,6.25886165697507e-20,43,43
Rat231,0.00017746746788982554,2.748298296597451e-05,153,100
Rat139,0.0003722910549320286,8.877888049679067e-20,29,29
Rat236,0.0004298797342800874,4.590287162965897e-20,44,44
Rat187,0.0002882019217963699,0.0,8,8
Rat201,0.0,0.0,0,0
