row_id	Rat10	Rat12	Rat13	Rat16	Rat18	Rat23	Rat24	Rat25	Rat2	Rat4	Rat5	Rat8	Rat21	Rat237	Rat61	Rat60	Rat57	Rat139	Rat52	Rat51	Rat226	Rat50	Rat47	Rat40	Rat236	Rat32	Rat26	Rat238	Rat140	Rat198	Rat142	Rat141	Rat230	Rat137	Rat122	Rat125	Rat124	Rat120	Rat123	Rat41	Rat39	Rat34	Rat29	Rat231	Rat225	Rat222	Rat201	Rat197	Rat187	Rat143	Rat128	Rat127	Rat138
K00012|temperate	0.004275433	0.0	0.000925337	0.0	0.0	0.0	0.0	0.0	0.000715341	0.0	0.0	0.0	0.0	0.0	0.0	0.0	0.0	0.0	0.0	0.0	0.0	0.0	0.0	0.0	0.0	0.0	0.0	0.0	0.0	0.0	0.0	0.0	0.0	0.0	0.0	0.0	0.0	0.0	0.0	0.0	0.0	0.0	0.0	0.0	0.0	0.0	0.0	0.0	0.0	0.0	0.0	0.0	0.0
K00059|virulent	0.0	0.0	0.0	0.0	0.0	0.0	0.0	0.0	0.0	0.0	0.0	0.0	0.0	0.0	0.0	0.0	0.0	0.0	0.0	0.0	0.0	0.0	0.0	0.0	0.0	0.0	0.001831351	0.0	0.0	0.0	0.0	0.0	0.0	0.0	0.0	0.0	0.0	0.0	0.0	0.0	0.0	0.0	0.0	0.0	0.0	0.0	0.0	0.0	0.0	0.0	0.0	0.0	0.0
K00067|virulent	0.0	0.0	0.0	0.0	0.0	0.0	0.0	0.0	0.0	0.0	0.0	0.0	0.0	0.0	0.0	0.0	0.0	0.0	0.0	0.0	0.0	0.0	0.0	0.0	0.0	0.0	0.0	0.0	0.0	0.0	0.0	0.0	0.0	0.0	0.0	0.0	0.0	0.0	0.0	0.0	0.0	0.0	0.0	0.002550443	0.0	0.0	0.0	0.0	0.0	0.0	0.0	0.0	0.0
K00287|virulent	0.0	0.0	0.0	0.0	0.0	0.0	0.0	0.0	0.0	0.0	0.0	0.0	0.0	0.0	0.0	0.001538356	0.0	0.0	0.0	0.0	0.0	0.0	0.0	0.0	0.0	0.0	0.0	0.0	0.0	0.0	0.0	0.0	0.0	0.0	0.0	0.0	0.0	0.0	0.007525752	0.0	0.0	0.0	0.0	0.0	0.0	0.0	0.0	0.0	0.0	0.0	0.0	0.0	0.0
K00366|temperate	0.0	0.0	0.0	0.0	0.0	0.0	0.001256393	0.0	0.0	0.0	0.0	0.0	0.0	0.0	0.0	0.0	0.0	0.0	0.0	0.0	0.0	0.0	0.0	0.0	0.0	0.0	0.0	0.0	0.0	0.0	0.0	0.0	0.0	0.0	0.0	0.0	0.0	0.0	0.0	0.001184763	0.0	0.0	0.0	0.0	0.0	0.0	0.0	0.0	0.0	0.0	0.0	0.0	0.0
K00390|temperate	0.0	0.004759698000000001	0.001402015	0.004269475	0.000244846	0.006914826	0.001929975	0.0	0.002753015	0.003724363	0.003514143	0.0	0.0	0.00459849	0.000412981	0.001165278	0.003056096	0.0	0.000770083	0.0	0.0	0.001259536	0.000691608	0.001117694	0.0	0.003420452	0.0009447069999999999	0.011511203999999999	0.0	0.0	0.001571117	0.011201975	0.0	0.0	0.0	0.0	0.0	0.0	0.0	0.008321456	0.0	0.0	0.0	0.001097461	0.0	0.0	0.0	0.0	0.005613305	0.0	0.0	0.001364606	0.0
K00390|virulent	0.0	0.0	0.0	0.0	0.000775839	0.0	0.0	0.0	0.0	0.000504191	0.0	0.00053822	0.0	0.000750428	0.0	0.0	0.0	0.0	0.0	0.0	0.002141142	0.0	0.0	0.0	0.0	0.0	0.001401464	0.0	0.0	0.0	0.0	0.0	0.0	0.0	0.0	0.004029924	0.000615363	0.001949613	0.0	0.000600426	0.0	0.0	0.0	0.0	0.0	0.0	0.0	0.0	0.0	0.0	0.0	0.0	0.0
K00525|temperate	0.0	0.000437726	0.0	0.001659244	0.000344929	0.0	0.0	0.0	0.0	0.00069104	0.0	0.001237126	0.0	0.0	0.001477057	0.0	0.0	0.0	0.000764242	0.0	0.0	0.001261523	0.00050062	0.0	0.0	0.002249445	0.000356599	0.0	0.0	0.0	0.0	0.0	0.0	0.0	0.0	0.0	0.0	0.0	0.0	0.001520345	0.0	0.0	0.0	0.002212136	0.020303834	0.0	0.0	0.0	0.0	0.0	0.0	0.0	0.0
K00525|virulent	0.0	0.0	0.0	0.0	0.0	0.0	0.0	0.0	0.000401136	0.002870934	0.0	0.0	0.00434356	0.0	0.0	0.009154182	0.007458737	0.0	0.002240362	0.0	0.0	0.000912049	0.0	0.0	0.0	0.0	0.003644014	0.0	0.0	0.0	0.0	0.010474714	0.004122327	0.0	0.00214849	0.0	0.005966198	0.0013355	0.0	0.0	0.0	0.0	0.0	0.009626391	0.007237674	0.0	0.0	0.0	0.0	0.0	0.0	0.001602702	0.0
K00526|virulent	0.0	0.0	0.0	0.0	0.0	0.0	0.0	0.0	0.000441708	0.0	0.0	0.0	0.0	0.0	0.0	0.0	0.001222505	0.0	0.0	0.00138531	0.0	0.0	0.0	0.0	0.0	0.0	0.0	0.0	0.0	0.0	0.0	0.0	0.0	0.0	0.0	0.0	0.0	0.0	0.0	0.0	0.0	0.0	0.0	0.007418227	0.0	0.0	0.0	0.0	0.0	0.0	0.0	0.0	0.0
K00548|temperate	0.0	0.0	0.0	0.0	0.0	0.0	0.0	0.0	0.0	0.0	0.0	0.002181158	0.0	0.0	0.0	0.0	0.0	0.0	0.0	0.0	0.0	0.0	0.0	0.0	0.0	0.0	0.0	0.0	0.0	0.0	0.0	0.0	0.0	0.0	0.0	0.0	0.0	0.0	0.0	0.0	0.0	0.0	0.0	0.0	0.0	0.0	0.0	0.0	0.0	0.0	0.0	0.0	0.0
K00558|temperate	0.086007359	0.065429213	0.048254787	0.075123449	0.053915427	0.085514273	0.031943246	0.032553627	0.055356011999999996	0.042388707	0.062536721	0.060804879	0.153504227	0.061834375999999996	0.059348353	0.037974848	0.151268461	0.058205086	0.131556095	0.057606215	0.03011502	0.071696547	0.061545222	0.169526283	0.0	0.045973962	0.048534834	0.085891455	0.075409858	0.052919868	0.069304118	0.032962757	0.01907443	0.116083643	0.177631588	0.036836578	0.063956767	0.103233513	0.049798168999999996	0.023366613	0.062141784000000005	0.053745776	0.062992748	0.023108317	0.034418862	0.003510648	0.0	0.090992953	0.0	0.08865913	0.073921535	0.079101322	0.107857732
K00558|virulent	0.013814835	0.013578356	0.005595625999999999	0.005963052	0.029371763	0.001522041	0.002560382	0.026913553000000003	0.007757671	0.022285449	0.004747156000000001	0.004648121999999999	0.025953756	0.0021881590000000003	0.008543071999999999	0.0051925040000000006	0.022526392	0.03376282	0.010727793999999999	0.018331549	0.009379824	0.029733757	0.014751736000000001	0.0029146909999999996	0.0	0.0055031130000000004	0.017191024	0.013404364	0.040305738	0.009225729	0.0	0.000996983	0.002950201	0.029818108	0.015682896	0.0	0.007509531999999999	0.014628301	0.055517524	0.007842472	0.003618717	0.001495042	0.0077397230000000004	0.007435117000000001	0.005021431	0.0	0.0	0.0	0.0	0.012525927	0.035235691	0.010684415999999999	0.031525839
K00560|temperate	0.004409671	0.0	0.023996934	0.02338461	0.003050228	0.007255246	0.004789108	0.016435063	0.00903523	0.002561892	0.002124956	0.0015347859999999998	0.0	0.002553273	0.001477057	0.001197817	0.0	0.0	0.00609956	0.00156564	0.006028435	0.001327764	0.001372546	0.000605245	0.0	0.009533311	0.018372387	0.009996284	0.002400486	0.0	0.001032303	0.013753482	0.001481373	0.002657097	0.0	0.0	0.0	0.005567203	0.0	0.00677263	0.002030033	0.000519814	0.0	0.003884011	0.00311886	0.011992232	0.0	0.00417664	0.0	0.0	0.003467403	0.000643462	0.0
K00560|virulent	0.005144372	0.013430526000000002	0.0023901369999999996	0.011275746	0.005246483	0.003915183	0.019050894000000002	0.024977264	0.005841897	0.008755145999999998	0.0031545790000000002	0.002635619	0.0	0.003270719	0.011269664	0.053400248000000004	0.010965177	0.0	0.003708803	0.00157416	0.019002560999999998	0.004283503	0.0045197710000000006	0.001801547	0.009121226	0.000404134	0.0066850139999999995	0.0	0.0	0.005400514	0.034794666	0.050766574999999994	0.0	0.0	0.0	0.002034479	0.007873274999999999	0.0	0.007525752	0.00794981	0.006355763	0.004113701	0.001489904	0.007931453	0.0	0.0	0.0	0.013440358	0.0	0.0	0.0	0.0	0.0
K00602|virulent	0.0	0.0	0.0	0.0	0.0	0.0	0.0	0.0	0.0	0.0	0.0	0.0	0.0	0.0	0.003641354	0.0	0.0	0.0	0.002132196	0.002497062	0.0	0.002731602	0.003348112	0.0	0.0	0.0	0.0	0.0	0.0	0.0	0.0	0.0	0.0	0.0	0.0	0.0	0.0	0.0	0.0	0.0	0.0	0.0	0.0	0.0	0.0	0.0	0.0	0.0	0.0	0.0	0.0	0.0	0.0
K00616|virulent	0.0	0.000955018	0.0	0.0	0.0	0.0	0.0	0.0	0.0	0.0	0.0	0.0	0.0	0.0	0.0	0.0	0.0	0.0	0.00083033	0.0	0.0	0.0	0.0	0.0	0.0	0.000577726	0.00029593	0.0	0.0	0.0	0.0	0.0	0.0	0.0	0.0	0.0	0.0	0.0	0.0	0.0	0.0	0.0	0.0	0.0	0.0	0.0	0.0	0.0	0.0	0.0	0.0	0.0	0.0
K00640|virulent	0.0	0.0	0.0	0.0	0.0	0.0	0.0	0.0	0.0	0.0	0.0	0.0	0.0	0.0	0.0	0.001357098	0.001459786	0.0	0.0	0.0	0.0	0.0	0.0	0.0	0.0	0.0	0.0	0.0	0.0	0.0	0.0	0.0	0.0	0.0	0.0	0.0	0.0	0.0	0.0	0.0	0.0	0.0	0.0	0.0	0.0	0.0	0.0	0.0	0.0	0.0	0.0	0.0	0.0
K00651|temperate	0.0	0.0	0.0	0.0	0.0	0.0	0.0	0.0	0.0	0.0	0.0	0.0	0.0	0.0	0.0	0.0	0.0	0.0	0.0	0.0	0.0	0.0	0.0	0.0	0.0	0.0	0.0	0.0	0.0	0.0	0.0	0.0	0.0	0.0	0.0036278	0.0	0.0	0.0	0.0	0.0	0.0	0.0	0.0	0.0	0.0	0.0	0.0	0.0	0.0	0.0	0.001290047	0.001288368	0.0
K00656|temperate	0.0	0.0	0.0	0.0	0.0	0.0	0.0	0.0	0.0	0.0	0.0	0.0	0.0	0.0	0.000478737	0.000478199	0.001734115	0.0	0.0	0.0	0.0	0.0	0.0	0.0	0.0	0.0	0.001507393	0.0	0.0	0.0	0.0	0.0	0.0	0.0	0.0	0.0	0.0	0.0	0.0	0.0	0.0	0.0	0.0	0.0	0.0	0.0	0.0	0.0	0.0	0.0	0.0	0.0	0.0
K00656|virulent	0.0	0.0	0.0	0.0	0.0	0.0	0.0	0.0	0.000476439	0.0	0.0	0.0	0.0	0.0	0.0	0.0	0.0	0.0	0.0	0.0	0.0	0.0	0.0	0.0	0.0	0.0	0.0	0.0	0.0	0.0	0.0	0.0	0.0	0.0	0.0	0.0	0.0	0.0	0.0	0.0	0.0	0.0	0.0	0.005011184	0.0	0.0	0.0	0.0	0.0	0.0	0.0	0.0	0.0
K00657|virulent	0.0	0.0	0.0	0.00317413	0.0	0.0	0.0	0.0	0.000314435	0.0	0.0	0.0	0.0	0.0	0.0	0.0	0.0	0.0	0.0	0.0	0.0	0.0	0.0	0.000603505	0.0	0.0	0.0	0.0	0.0	0.0	0.0	0.0	0.0	0.0	0.0	0.0	0.0	0.0	0.0	0.0	0.0	0.0	0.0	0.0	0.0	0.0	0.0	0.0	0.0	0.0	0.0	0.0	0.0
K00688|temperate	0.0	0.0	0.0	0.0	0.0	0.001381389	0.0	0.0	0.0	0.0	0.0	0.0	0.0	0.0	0.0	0.0	0.0	0.0	0.0	0.0	0.0	0.0	0.0	0.0	0.0	0.0	0.0	0.0	0.0	0.0	0.0	0.0	0.0	0.0	0.0	0.0	0.0	0.0	0.0	0.0	0.0	0.0	0.0	0.0	0.0	0.0	0.0	0.0	0.0	0.0	0.0	0.0	0.0
K00760|virulent	0.0	0.0	0.0	0.0	0.0	0.0	0.0	0.0	0.0	0.0	0.0	0.0	0.0	0.0	0.0027971669999999997	0.0	0.0	0.0	0.002090167	0.002035593	0.0	0.002171796	0.0026346629999999998	0.0	0.0	0.0	0.0	0.0	0.0	0.0	0.0	0.0	0.0	0.0	0.0	0.0	0.0	0.0	0.0	0.0	0.0	0.0	0.0	0.0	0.0	0.0	0.0	0.0	0.0	0.0	0.0	0.0	0.0
K00761|virulent	0.0	0.0	0.0	0.0	0.0	0.000317131	0.0	0.0	0.0	0.0	0.0	0.0	0.0	0.0	0.0	0.0	0.0	0.0	0.0	0.0	0.0	0.0	0.0	0.0	0.0	0.0	0.0	0.0	0.0	0.0	0.0	0.0	0.0	0.0	0.0	0.0	0.0	0.0	0.0	0.0	0.001862531	0.001300205	0.001489904	0.0	0.0	0.0	0.0	0.0	0.0	0.0	0.0	0.0	0.0
K00763|virulent	0.0	0.0	0.0	0.0	0.0	0.0	0.0	0.0	0.0	0.0	0.0	0.001784368	0.0	0.0	0.0	0.0	0.0	0.0	0.0	0.0	0.0	0.0	0.0	0.0	0.0	0.0	0.003125788	0.0	0.0	0.0	0.0	0.0	0.0	0.0	0.0	0.0	0.0	0.0	0.008344652	0.0	0.001279005	0.0	0.0	0.0	0.0	0.0	0.0	0.0	0.0	0.00359126	0.0	0.0	0.0
K00765|virulent	0.0	0.0	0.0	0.0	0.0	0.0	0.0	0.0	0.0	0.0	0.0	0.0	0.0	0.0	0.007998336	0.0	0.0	0.0	0.00052717	0.001283815	0.0	0.0	0.0	0.0	0.0	0.0	0.0	0.0	0.0	0.0	0.0	0.0	0.0	0.0	0.0	0.0	0.0	0.0	0.0	0.0	0.0	0.0	0.0	0.0	0.0	0.0	0.0	0.0	0.0	0.0	0.0	0.0	0.0
K00789|temperate	0.053900019	0.043231167	0.036736091	0.028105715	0.0	0.0	0.003248232	0.0	0.038091151000000004	0.02710548	0.00325825	0.006073592	0.146658629	0.0	0.028394435	0.038780938	0.10116325	0.0	0.001677572	0.035754277	0.0	0.039288769	0.027220936	0.061060242	0.0	0.036590963	0.044204021	0.086466977	0.0	0.015220089999999999	0.0	0.027022862	0.0	0.0	0.106907916	0.0	0.012452029	0.027179834	0.003179692	0.0074545819999999995	0.0	0.0	0.0	0.0	0.003228545	0.0	0.0	0.0	0.0	0.0	0.021568876	0.001486918	0.010648606
K00789|virulent	0.002174194	0.005772165	0.002484659	0.010746017	0.0	0.0	0.0	0.0	0.001569946	0.014214622	0.00156116	0.0	0.010685636	0.0	0.000517319	0.0	0.00265979	0.0	0.001250795	0.001172196	0.0	0.002645081	0.0053708160000000005	0.004649331	0.0	0.003319449	0.002218394	0.003556396	0.0	0.0	0.005691214	0.0	0.008212932000000001	0.0	0.0	0.020361722	0.001445136	0.0	0.0	0.0	0.006637842	0.0	0.001920342	0.00346675	0.0	0.00342437	0.0	0.0	0.0	0.000912251	0.008867957	0.002907638	0.0
K00790|temperate	0.0	0.0	0.0	0.0	0.0	0.0	0.0	0.0	0.0	0.0	0.0	0.0	0.0	0.0	0.0	0.0	0.0	0.0	0.0	0.0	0.0	0.0	0.0	0.0	0.0	0.0	0.0	0.0	0.0	0.0	0.002004778	0.0	0.0	0.0	0.0	0.0	0.0	0.0	0.0	0.0	0.0	0.0	0.0	0.0	0.0	0.0	0.0	0.0	0.0	0.0	0.0	0.0	0.0
K00850|temperate	0.001470087	0.002339074	0.002255865	0.000742067	0.0	0.0	0.0	0.0	0.000578402	0.000534217	0.0	0.0	0.0	0.0	0.0	0.0	0.0	0.0	0.0	0.006057133	0.0	0.002006995	0.0	0.0	0.0	0.001670815	0.001230421	0.0	0.0	0.0	0.0	0.0	0.0	0.0	0.0	0.0	0.0	0.0	0.0	0.0	0.0	0.0	0.0	0.0	0.0	0.0	0.0	0.0	0.0	0.0	0.0	0.0	0.0
K00857|virulent	0.0	0.0	0.0	0.0	0.0	0.0	0.0	0.000868014	0.000476439	0.0	0.0	0.0	0.0	0.0	0.0	0.0	0.0	0.0	0.0	0.0	0.0	0.0	0.0	0.0	0.0	0.0	0.0	0.0	0.0	0.0	0.0	0.0	0.0	0.0	0.0	0.0	0.0	0.0	0.0	0.0	0.0	0.0	0.0	0.005011184	0.0	0.0	0.0	0.0	0.0	0.0	0.0	0.0	0.0
K00873|temperate	0.0	0.0	0.0	0.0	0.0	0.0	0.0	0.0	0.0	0.0	0.0	0.0	0.0	0.0	0.001057727	0.000290782	0.000941891	0.0	0.0	0.0	0.0	0.0	0.0	0.0	0.0	0.0	0.0	0.0	0.0	0.0	0.0	0.0	0.0	0.0	0.0	0.0	0.0	0.0	0.0	0.0	0.0	0.0	0.0	0.0	0.0	0.0	0.0	0.0	0.0	0.0	0.0	0.0	0.0
K00939|virulent	0.0	0.0	0.0	0.0	0.0	0.0	0.0	0.0	0.0	0.0	0.0	0.0	0.0	0.0	0.003641354	0.0	0.0	0.0	0.002132196	0.002497062	0.0	0.002731602	0.003348112	0.0	0.0	0.0	0.0	0.0	0.0	0.0	0.0	0.0	0.0	0.0	0.0	0.0	0.0	0.0	0.0	0.0	0.0	0.0	0.0	0.0	0.0	0.0	0.0	0.0	0.0	0.0	0.0	0.0	0.0
K00941|temperate	0.0	0.0	0.0	0.0	0.0	0.0	0.0	0.0	0.0	0.0	0.0	0.0	0.0	0.0	0.033708668	0.001975736	0.0	0.0	0.015325701	0.001434613	0.0	0.004093991	0.00410081	0.0	0.0	0.0	0.0	0.0	0.0	0.0	0.0	0.0	0.0	0.0	0.0	0.0	0.0	0.0	0.0	0.0	0.0	0.0	0.0	0.0	0.0	0.0	0.0	0.0	0.0	0.0	0.0	0.0	0.0
K00945|temperate	0.0	0.0	0.0	0.001259007	0.0	0.0	0.0	0.0	0.0	0.0	0.0	0.0	0.0	0.0	0.00576435	0.004985638	0.0	0.0	0.0	0.0	0.0	0.001411401	0.004968229	0.0	0.0	0.0	0.0	0.0	0.0	0.0	0.001423321	0.0	0.0	0.0	0.0	0.0	0.0	0.0	0.0	0.0	0.0	0.0	0.0	0.0	0.0	0.0	0.0	0.0	0.0	0.0	0.0	0.0	0.0
K00945|virulent	0.004924353	0.0	0.0	0.002335208	0.0	0.0	0.0	0.0	0.0	0.0	0.0	0.0	0.0	0.0	0.001700683	0.0	0.000859137	0.0	0.002294798	0.0	0.0	0.0	0.0	0.0	0.0	0.0	0.0	0.0	0.0	0.0	0.0	0.0	0.0	0.0	0.0	0.0	0.0	0.0	0.0	0.0	0.0	0.0	0.0	0.0	0.0	0.0	0.0	0.0	0.0	0.0	0.0	0.0	0.0
K00948|temperate	0.0	0.0	0.0	0.0	0.0	0.0	0.0	0.0	0.0	0.0	0.001319884	0.0	0.0	0.0	0.0	0.0	0.0	0.0	0.0	0.0	0.0	0.0	0.0	0.0	0.0	0.0	0.0	0.0	0.0	0.0	0.0	0.0	0.0	0.0	0.0	0.0	0.000615157	0.000531025	0.0	0.0	0.0	0.0	0.0	0.0	0.001556088	0.0	0.0	0.0	0.0	0.0	0.002254386	0.0	0.0
K00948|virulent	0.0	0.0	0.0	0.0	0.000579134	0.000570021	0.00040196	0.001727265	0.0	0.0	0.000956742	0.000428725	0.0	0.0	0.0	0.0	0.0	0.0	0.0	0.0	0.0	0.0	0.0	0.0	0.0	0.0	0.0	0.0	0.0	0.0	0.0	0.0	0.0	0.0	0.0	0.0	0.0	0.0	0.0	0.00307378	0.002594533	0.0	0.0	0.002073963	0.0	0.0	0.0	0.0	0.0	0.0	0.0	0.0	0.0
K00957|temperate	0.0	0.0	0.0	0.001030182	0.0	0.0	0.0	0.0	0.001189198	0.0	0.002118786	0.0	0.002044581	0.0	0.0	0.0	0.0	0.0	0.0	0.0	0.0	0.0	0.0	0.003988457	0.0	0.000765239	0.000223179	0.0	0.0	0.0	0.0	0.0	0.0	0.002606872	0.0	0.0	0.0	0.0	0.0	0.0	0.0	0.0	0.0	0.0	0.0	0.0	0.0	0.0	0.0	0.0	0.0	0.0	0.011876663
K00957|virulent	0.0	0.0	0.0	0.0	0.00289837	0.023334106000000004	0.002282165	0.002816783	0.0	0.0	0.003160263	0.002040984	0.0	0.00033557	0.0	0.0	0.0	0.0	0.0	0.0	0.0	0.0	0.0	0.0	0.0	0.0	0.0	0.001386426	0.001873238	0.0	0.0	0.003547881	0.0	0.0	0.001239332	0.010070637	0.002779529	0.0	0.0	0.0	0.004368756	0.003489741	0.0037121899999999998	0.0	0.0	0.0	0.0	0.0	0.0	0.001736019	0.002529144	0.002102132	0.0
K01006|temperate	0.0	0.0	0.0	0.0	0.0	0.0	0.0	0.0	0.0	0.0	0.0	0.0	0.0	0.0	0.0	0.0	0.0	0.0	0.0	0.0	0.0	0.0	0.0	0.0	0.0	0.0	0.004534734	0.0	0.0	0.0	0.0	0.0	0.0	0.0	0.0	0.0	0.0	0.0	0.0	0.0	0.0	0.0	0.0	0.0	0.0	0.0	0.0	0.0	0.0	0.0	0.0	0.0	0.0
K01006|virulent	0.0	0.0	0.0	0.0	0.0	0.0	0.0	0.0	0.0	0.0	0.0	0.0	0.0	0.0	0.0	0.0	0.0	0.0	0.0	0.0	0.0	0.0	0.0	0.0	0.0	0.0	0.0	0.02822241	0.0	0.0	0.0	0.0	0.0	0.0	0.0	0.0	0.0	0.0	0.0	0.0	0.0	0.0	0.0	0.0	0.0	0.0	0.0	0.0	0.0	0.0	0.0	0.0	0.0
K01081|temperate	0.0	0.0	0.0	0.0	0.0	0.0	0.0	0.0	0.0	0.0	0.0	0.0	0.0	0.0	0.0	0.0	0.0	0.0	0.0	0.0	0.0	0.0	0.0	0.0	0.0	0.0	0.0	0.0	0.0	0.004293977	0.0	0.0	0.0	0.0	0.0	0.0	0.0	0.0	0.0	0.0	0.0	0.0	0.0	0.0	0.0	0.0	0.0	0.0	0.0	0.0	0.0	0.0	0.0
K01119|temperate	0.0	0.0	0.001077833	0.0	0.0	0.0	0.0	0.0	0.0	0.0	0.0	0.0	0.0	0.0	0.0	0.0	0.0	0.0	0.0	0.0	0.0	0.0	0.0	0.0	0.0	0.000517903	0.000291078	0.0	0.0	0.0	0.0	0.0	0.0	0.0	0.0	0.0	0.0	0.0	0.0	0.0	0.0	0.0	0.0	0.0	0.0	0.0	0.0	0.0	0.0	0.0	0.0	0.0	0.0
K01119|virulent	0.0	0.002680356	0.0	0.000840517	0.0	0.0	0.0	0.0	0.002112866	0.008469893	0.0	0.0	0.0	0.0	0.0	0.0	0.0	0.0	0.0	0.0	0.0	0.0	0.0	0.0	0.0	0.0	0.0	0.0	0.0	0.0	0.0	0.0	0.0	0.0	0.0	0.0	0.0	0.0	0.0	0.0	0.0	0.0	0.0	0.0	0.0	0.0	0.0	0.0	0.0	0.0	0.0	0.0	0.0
K01190|temperate	0.0	0.0	0.0	0.0	0.0	0.0	0.0	0.0	0.0	0.0	0.0	0.0	0.0	0.0	0.067417336	0.003951472	0.0	0.0	0.030651402	0.002869226	0.0	0.008187982	0.00820162	0.0	0.0	0.0	0.0	0.0	0.0	0.0	0.0	0.0	0.0	0.0	0.0	0.0	0.0	0.0	0.0	0.0	0.0	0.0	0.0	0.0	0.0	0.0	0.0	0.0	0.0	0.0	0.0	0.0	0.0
K01197|virulent	0.0	0.0	0.0	0.0	0.0	0.0	0.0	0.0	0.0	0.0	0.0	0.0	0.0	0.0	0.019160096	0.001697682	0.0	0.0	0.011957388	0.000504747	0.0	0.003619955	0.005782225	0.0	0.0	0.0	0.0	0.0	0.0	0.0	0.0	0.0	0.0	0.0	0.0	0.0	0.0	0.0	0.0	0.0	0.0	0.0	0.0	0.0	0.0	0.0	0.0	0.0	0.0	0.0	0.0	0.0	0.0
K01207|temperate	0.001535294	0.0	0.0	0.0	0.0	0.0	0.0	0.0	0.001208359	0.0	0.0	0.0	0.0	0.0	0.0	0.0	0.0	0.0	0.0	0.0	0.0	0.0	0.0	0.0	0.0	0.0	0.0	0.0	0.0	0.0	0.0	0.0	0.0	0.0	0.0	0.0	0.0	0.0	0.0	0.0	0.0	0.0	0.0	0.0	0.0	0.0	0.0	0.0	0.0	0.0	0.0	0.0	0.0
K01243|temperate	0.0035749	0.0	0.0	0.001259007	0.0	0.0	0.0	0.0	0.0	0.0	0.0	0.0	0.0	0.0	0.00576435	0.004985638	0.001561252	0.0	0.0	0.000657194	0.0	0.001411401	0.004968229	0.0	0.0	0.0	0.0	0.0	0.0	0.0	0.001423321	0.0	0.0	0.0	0.0	0.0	0.0	0.0	0.0	0.0	0.0	0.0	0.0	0.0	0.0	0.0	0.0	0.0	0.0	0.0	0.0	0.0	0.0
K01243|virulent	0.004924353	0.0	0.0	0.002335208	0.0	0.0	0.0	0.0	0.0	0.004471671	0.0	0.0	0.0	0.0	0.001700683	0.0	0.000859137	0.0	0.002294798	0.0	0.0	0.0	0.0	0.0	0.0	0.0	0.0	0.0	0.0	0.0	0.0	0.0	0.0	0.0	0.0	0.0	0.0	0.0	0.0	0.0	0.0	0.0	0.0	0.0	0.0	0.0	0.0	0.0	0.0	0.0	0.0	0.0	0.0
K01438|temperate	0.0	0.0	0.0	0.0	0.0	0.0	0.0	0.0	0.0	0.0	0.0	0.0	0.0	0.0	0.033708668	0.001975736	0.0	0.0	0.015325701	0.001434613	0.0	0.004093991	0.00410081	0.0	0.0	0.0	0.0	0.0	0.0	0.0	0.0	0.0	0.0	0.0	0.0	0.0	0.0	0.0	0.0	0.0	0.0	0.0	0.0	0.0	0.0	0.0	0.0	0.0	0.0	0.0	0.0	0.0	0.0
K01442|temperate	0.0	0.0	0.0	0.0	0.0	0.0	0.0	0.0	0.0	0.0	0.0	0.0	0.0	0.003885771	0.0	0.0	0.0	0.0	0.0	0.0	0.0	0.0	0.0	0.0	0.0	0.0	0.0	0.0	0.0	0.004293977	0.0	0.0	0.0	0.0	0.0	0.0	0.0	0.0	0.0	0.0	0.0	0.0	0.0	0.0	0.0	0.0	0.0	0.0	0.0	0.0	0.0	0.0	0.0
K01487|virulent	0.0	0.0	0.0	0.0	0.0	0.0	0.0	0.0	0.0	0.0	0.0	0.0	0.0	0.0	0.0	0.0	0.0	0.0	0.0	0.0	0.0	0.0	0.0	0.0	0.0	0.0	0.001831351	0.0	0.0	0.0	0.0	0.0	0.0	0.0	0.0	0.0	0.0	0.0	0.0	0.0	0.0	0.0	0.0	0.0	0.0	0.0	0.0	0.0	0.0	0.0	0.0	0.0	0.0
K01491|temperate	0.0	0.0	0.0	0.0	0.0	0.0	0.0	0.0	0.0	0.0	0.0	0.0	0.003778882	0.0	0.000478737	0.000478199	0.003054861	0.0	0.0	0.0	0.0	0.0	0.0	0.0	0.0	0.0	0.001578102	0.0	0.0	0.0	0.0	0.0	0.0	0.0	0.0	0.0	0.0	0.0	0.0	0.0	0.0	0.0	0.0	0.0	0.0	0.0	0.0	0.0	0.0	0.0	0.0	0.0	0.0
K01491|virulent	0.0	0.0	0.0	0.000283357	0.0	0.0	0.0	0.0	0.0	0.001193922	0.0	0.0	0.0	0.0	0.015996672	0.0	0.0	0.0	0.00105434	0.00256763	0.0	0.0	0.0	0.000582125	0.0	0.0	0.0	0.0	0.0	0.0	0.0	0.0	0.0	0.0	0.0	0.0	0.0	0.0	0.0	0.0	0.0	0.0	0.0	0.0	0.0	0.0	0.0	0.0	0.0	0.0	0.0	0.0	0.0
K01493|temperate	0.0	0.0	0.0	0.0	0.0	0.0	0.0	0.0	0.0	0.0	0.0	0.0	0.0	0.0	0.0	0.0	0.0	0.0	0.0	0.0	0.0	0.0	0.0	0.0	0.0	0.0	0.0	0.0	0.0	0.0	0.0	0.0	0.0	0.0	0.0	0.0	0.0	0.00045211	0.0	0.0	0.0	0.0	0.0	0.0	0.0	0.0	0.0	0.0	0.0	0.0	0.002328044	0.0	0.0
K01493|virulent	0.005272758	0.0033699259999999997	0.001309034	0.000415955	0.000578334	0.00059334	0.000397322	0.001773161	0.000561889	0.001446745	0.001017149	0.001260662	0.0	0.0	0.004830994999999999	0.006210816	0.0	0.0	0.001273202	0.001929007	0.0	0.001531157	0.00327685	0.0	0.0	0.00061016	0.0025577359999999997	0.0	0.0	0.0	0.0	0.036332239999999995	0.0	0.0	0.0	0.0	0.0	0.0	0.002202271	0.002502363	0.002439892	0.0	0.0	0.0	0.002781603	0.0	0.0	0.011692563	0.0	0.0	0.002099259	0.0	0.0
K01494|temperate	0.0	0.002982432	0.0	0.0	0.0	0.00293959	0.0	0.0	0.0	0.0	0.0	0.0	0.0	0.0	0.0	0.0	0.0	0.0	0.0	0.0	0.0	0.0	0.0	0.0	0.0	0.001511276	0.000296024	0.0	0.0	0.0	0.0	0.0	0.0	0.0	0.0	0.0	0.0	0.0	0.0	0.0	0.0	0.0	0.00624488	0.0	0.0	0.0	0.0	0.0	0.0	0.0	0.0	0.0	0.0
K01494|virulent	0.0	0.0	0.0	0.0	0.0	0.0	0.0	0.0	0.0	0.0	0.0	0.0	0.00434801	0.0	0.0	0.0	0.0	0.0	0.0	0.0	0.0	0.0	0.0	0.0	0.0	0.0	0.0	0.0	0.0	0.0	0.0	0.0	0.0	0.0	0.0	0.0	0.0	0.0	0.0	0.0	0.0	0.0	0.0	0.0	0.0	0.0	0.0	0.0	0.0	0.0	0.0	0.0	0.0
K01495|temperate	0.0	0.0	0.0	0.0	0.0	0.0	0.0	0.0	0.0	0.000449398	0.0	0.0	0.0	0.0	0.0	0.004226138	0.0	0.0	0.0	0.0	0.0	0.0	0.0	0.0	0.0	0.0	0.0	0.0	0.0	0.0	0.0	0.0	0.0	0.0	0.0	0.0	0.0	0.0	0.0	0.0	0.0	0.0	0.0	0.0	0.0	0.0	0.0	0.0	0.0	0.0	0.0	0.0	0.0
K01495|virulent	0.0	0.0	0.0	0.0	0.0	0.0	0.0	0.0	0.0	0.0	0.0	0.0	0.0	0.0	0.0	0.0	0.000700494	0.0	0.0	0.0	0.0	0.0	0.004396675	0.0	0.0	0.0	0.001831351	0.0	0.0	0.0	0.002045748	0.0	0.0	0.0	0.0	0.0	0.0	0.0	0.0	0.0	0.0	0.0	0.0	0.0	0.0	0.0	0.0	0.0	0.0	0.0	0.0	0.0	0.0
K01519|temperate	0.0	0.0	0.0	0.0	0.0	0.0	0.0	0.0	0.0	0.0	0.0	0.0	0.0	0.0	0.0	0.0	0.0	0.0	0.0	0.0	0.0	0.0	0.0	0.0	0.0	0.0	0.0	0.0	0.0	0.0	0.0	0.0	0.0	0.0	0.0	0.003425102	0.0	0.0	0.0	0.0	0.0	0.0	0.0	0.0	0.0	0.0	0.0	0.0	0.0	0.0	0.0	0.0	0.0
K01520|temperate	0.00979796	0.011742028	0.009958841	0.013848346	0.000927843	0.000456658	0.001404712	0.005293768	0.0049669399999999995	0.010665096	0.002173894	0.0020154360000000002	0.019848293	0.002369134	0.009229995	0.013368891	0.036108507	0.0	0.005036202	0.013249972	0.0	0.011747171	0.024741561	0.006161415999999999	0.014780238	0.0063032	0.011837151	0.0	0.0	0.0	0.01396565	0.001753394	0.000857596	0.0	0.004546961	0.001335404	0.004455681	0.0	0.003632078	0.0	0.003431382	0.0	0.0	0.02989364	0.02417914	0.0	0.0	0.0	0.0	0.0	0.002281783	0.002060818	0.0
K01520|virulent	0.011507406	0.005411677	0.005732252	0.013507205	0.00293428	0.002657984	0.003383068	0.0	0.007375563999999999	0.015316469	0.0	0.000463445	0.009085694	0.0029958859999999997	0.008431026	0.022138948999999998	0.004085304	0.002074294	0.016624016000000002	0.012959545	0.005761383	0.004023542	0.015127843	0.004436031	0.0	0.002622298	0.043640146	0.002382263	0.00243265	0.010801028	0.034794666	0.027018120000000003	0.00635491	0.002734714	0.015682896	0.0	0.001557438	0.004721358	0.041602906	0.003543476	0.0	0.011326808	0.001179555	0.004615356	0.008290082	0.0	0.0	0.0	0.0	0.0017081969999999998	0.021066088	0.010389479	0.01080827
K01611|virulent	0.0	0.0	0.0	0.0	0.000858876	0.001531279	0.003392111	0.001947064	0.0	0.0	0.0	0.0	0.0	0.001189333	0.0	0.0	0.0	0.0	0.000436119	0.0	0.0	0.0	0.0	0.0	0.003266401	0.0	0.0	0.0	0.0	0.0	0.0	0.0	0.0	0.0	0.0	0.0	0.0	0.0	0.0	0.001633808	0.0	0.0	0.0	0.0	0.001702599	0.0	0.0	0.0	0.0	0.0	0.0	0.0	0.0
K01728|temperate	0.0	0.0	0.0	0.0	0.0	0.0	0.0	0.0	0.0	0.0	0.0	0.0	0.0	0.0	0.059144990999999994	0.001975736	0.0	0.0	0.019575864000000002	0.001434613	0.0	0.007267163	0.007339319	0.0	0.0	0.0	0.0	0.0	0.0	0.0	0.0	0.0	0.0	0.0	0.0	0.0	0.0	0.0	0.0	0.0	0.0	0.0	0.0	0.0	0.0	0.0	0.0	0.0	0.0	0.0	0.0	0.0	0.0
K01737|temperate	0.0	0.0	0.0	0.0	0.0	0.0	0.0	0.0	0.0	0.000449398	0.0	0.0	0.0	0.0	0.0	0.004226138	0.0	0.0	0.0	0.0	0.0	0.0	0.0	0.0	0.0	0.0	0.0	0.0	0.0	0.0	0.0	0.0	0.0	0.0	0.0	0.0	0.0	0.0	0.0	0.0	0.0	0.0	0.0	0.0	0.0	0.0	0.0	0.0	0.0	0.0	0.0	0.0	0.0
K01737|virulent	0.001050188	0.0	0.0	0.001561696	0.000436513	0.0	0.0	0.0	0.001383846	0.002870555	0.0	0.0	0.0	0.0	0.0	0.0	0.000700494	0.0	0.0	0.0	0.0	0.0	0.0	0.0	0.0	0.0	0.001831351	0.0	0.0	0.0	0.002045748	0.0	0.0	0.0	0.0	0.0	0.0	0.0	0.0	0.020118808	0.0	0.000913968	0.002343867	0.0	0.0	0.0	0.0	0.0	0.0	0.0	0.0	0.0	0.0
K01740|temperate	0.0	0.0	0.000851993	0.0	0.0	0.0	0.0	0.0	0.0	0.0	0.0	0.0	0.0	0.0	0.0	0.0	0.0	0.0	0.0	0.0	0.0	0.0	0.0	0.0	0.0	0.0	0.0	0.0	0.0	0.0	0.0	0.0	0.0	0.0	0.0	0.0	0.0	0.0	0.0	0.0	0.0	0.0	0.0	0.0	0.0	0.0	0.0	0.0	0.0	0.0	0.0	0.0	0.0
K01740|virulent	0.0	0.0	0.0	0.0	0.0	0.0	0.0	0.0	0.000282824	0.0	0.0	0.0	0.0	0.0	0.000539625	0.000457846	0.0	0.0	0.0	0.000738701	0.0	0.000985506	0.0	0.0	0.0	0.002678798	0.0	0.0	0.0	0.0	0.0	0.0	0.0	0.0	0.0	0.0	0.0	0.0	0.0	0.0	0.0	0.0	0.0	0.0	0.0	0.0	0.0	0.0	0.0	0.0	0.0	0.0	0.0
K01768|temperate	0.0	0.0	0.0	0.0	0.0	0.0	0.0	0.0	0.0	0.0	0.0	0.0	0.0	0.0	0.033708668	0.001975736	0.0	0.0	0.015325701	0.001434613	0.0	0.004093991	0.00410081	0.0	0.0	0.0	0.0	0.0	0.0	0.0	0.0	0.0	0.0	0.0	0.0	0.0	0.0	0.0	0.0	0.0	0.0	0.0	0.0	0.0	0.0	0.0	0.0	0.0	0.0	0.0	0.0	0.0	0.0
K01772|temperate	0.0	0.0	0.0	0.0	0.0	0.0	0.0	0.0	0.0	0.0	0.0	0.0	0.0	0.0	0.0	0.002197334	0.0	0.0	0.0	0.0	0.0	0.0	0.0	0.0	0.0	0.0	0.0	0.0	0.0	0.0	0.0	0.0	0.0	0.0	0.0	0.0	0.0	0.0	0.0	0.0	0.0	0.0	0.0	0.0	0.0	0.0	0.0	0.0	0.0	0.0	0.0	0.0	0.0
K01790|virulent	0.0	0.0	0.0	0.0	0.0	0.0	0.0	0.0	0.0	0.0	0.0	0.0	0.0	0.0	0.0	0.0	0.0	0.0	0.0	0.0	0.0	0.0	0.0	0.0	0.0	0.0	0.0	0.0	0.0	0.0	0.0	0.0	0.0	0.0	0.0	0.0	0.0	0.0	0.0	0.0	0.0	0.0	0.0	0.002550443	0.0	0.0	0.0	0.0	0.0	0.0	0.0	0.0	0.0
K01810|temperate	0.0	0.0	0.0	0.0	0.0	0.0	0.0	0.0	0.0	0.0	0.0	0.0	0.0	0.0	0.0	0.0	0.0	0.0	0.0	0.0	0.0	0.0	0.0	0.0	0.0	0.0	0.0	0.0	0.0	0.0	0.0	0.0	0.0	0.0	0.0	0.0	0.0	0.0	0.0	0.0	0.0	0.0	0.0	0.004306399	0.0	0.0	0.0	0.0	0.0	0.0	0.0	0.0	0.0
K01823|temperate	0.0	0.0	0.0	0.0	0.0	0.0	0.0	0.0	0.0	0.0	0.0	0.0	0.0	0.0	0.0	0.0	0.0	0.0	0.005441997	0.0	0.0	0.0	0.0	0.0	0.0	0.0	0.0	0.0	0.0	0.0	0.0	0.0	0.0	0.0	0.0	0.0	0.0	0.0	0.0	0.0	0.0	0.0	0.0	0.0	0.0	0.0	0.0	0.0	0.0	0.0	0.0	0.0	0.0
K01840|temperate	0.0021298	0.002065331	0.000434626	0.0	0.0	0.0	0.0	0.0	0.000933656	0.0	0.0	0.0	0.0	0.0	0.0	0.0	0.0	0.0	0.0	0.0	0.0	0.0	0.0	0.0	0.0	0.0	0.0	0.0	0.0	0.0	0.0	0.0	0.0	0.0	0.0	0.0	0.0	0.0	0.0	0.0	0.002459923	0.0	0.0	0.0	0.0	0.0	0.0	0.0	0.0	0.0	0.0	0.0	0.0
K01847|temperate	0.0	0.0	0.0	0.0	0.000650378	0.001106232	0.002502129	0.001426435	0.0	0.0	0.0	0.0	0.0	0.0	0.0	0.0	0.0	0.0	0.0	0.0	0.0	0.0	0.0	0.0	0.0	0.0	0.0	0.0	0.0	0.0	0.0	0.0	0.0	0.0	0.0	0.0	0.0	0.0	0.0	0.001265059	0.0	0.0	0.0	0.0	0.0	0.0	0.0	0.0	0.0	0.0	0.0	0.0	0.0
K01854|virulent	0.0	0.0	0.0	0.0	0.0	0.0	0.0	0.0	0.0	0.0	0.0	0.0	0.0	0.0	0.0	0.0	0.0	0.0	0.0	0.0	0.0	0.0	0.0	0.0	0.0	0.0	0.0	0.0	0.0	0.0	0.0	0.032634263	0.0	0.0	0.0	0.0	0.0	0.0	0.0	0.0	0.0	0.0	0.0	0.0	0.0	0.0	0.0	0.011692563	0.0	0.0	0.0	0.0	0.0
K01897|temperate	0.0	0.0	0.0	0.0	0.0	0.0	0.0	0.0	0.0	0.0	0.0	0.0	0.0	0.0	0.033708668	0.001975736	0.0	0.0	0.015325701	0.001434613	0.0	0.004093991	0.00410081	0.0	0.0	0.0	0.0	0.0	0.0	0.0	0.0	0.0	0.0	0.0	0.0	0.0	0.0	0.0	0.0	0.0	0.0	0.0	0.0	0.0	0.0	0.0	0.0	0.0	0.0	0.0	0.0	0.0	0.0
K01915|temperate	0.0	0.0	0.0	0.0	0.0	0.0	0.0	0.0	0.0	0.0	0.0	0.0	0.0	0.0	0.0	0.003152242	0.0	0.0	0.001076341	0.000692201	0.0	0.0	0.004562434	0.0	0.0	0.0	0.0	0.0	0.0	0.0	0.0	0.0	0.0	0.0	0.0	0.0	0.0	0.0	0.0	0.0	0.0	0.0	0.0	0.0	0.0	0.0	0.0	0.0	0.0	0.0	0.0	0.0	0.0
K01915|virulent	0.0	0.0	0.0	0.0	0.0	0.0	0.0	0.0	0.0	0.0	0.0	0.0	0.0	0.0	0.0	0.0	0.0	0.0	0.0	0.0	0.0	0.0	0.0	0.0	0.0	0.0	0.0	0.0	0.0	0.007007235	0.0	0.0	0.0	0.0	0.0	0.0	0.0	0.0	0.0	0.0	0.0	0.0	0.0	0.0	0.0	0.0	0.0	0.0	0.0	0.0	0.0	0.0	0.0
K01916|temperate	0.0	0.0	0.000548758	0.0	0.0	0.001082146	0.001744201	0.0	0.002276917	0.0	0.0	0.0	0.0	0.0	0.0	0.0	0.0	0.0	0.0	0.001500706	0.0	0.0	0.0	0.0	0.0	0.0	0.0	0.0	0.0	0.0	0.0	0.0	0.0	0.0	0.0	0.0	0.0	0.0	0.0	0.0	0.002185068	0.0	0.0	0.0	0.010151917	0.0	0.0	0.0	0.0	0.0	0.0	0.0	0.0
K01916|virulent	0.0	0.0037244609999999997	0.0	0.001853744	0.0	0.0	0.0	0.0	0.001925354	0.00974923	0.0	0.0	0.0	0.0	0.0	0.0	0.0	0.0	0.0	0.00078708	0.001514515	0.001158955	0.000819728	0.001673693	0.0	0.0	0.0	0.0	0.0	0.0	0.017397333	0.0	0.0	0.0	0.000801708	0.0	0.0	0.0	0.012969567	0.0	0.0	0.0	0.0	0.0	0.0	0.0	0.0	0.0	0.0	0.00359126	0.0	0.003463318	0.0
K01933|virulent	0.0	0.0	0.0	0.0	0.0	0.0	0.0	0.0	0.0	0.0	0.0	0.0	0.0	0.0	0.0	0.0	0.0	0.0	0.0	0.0	0.0	0.0	0.0	0.0	0.0	0.0	0.0	0.0	0.0	0.0	0.0	0.0	0.001398025	0.0	0.0	0.0	0.0	0.0	0.0	0.0	0.0	0.0	0.0	0.0	0.0	0.0	0.0	0.0	0.0	0.0	0.0	0.0	0.0
K01938|virulent	0.0	0.0	0.0	0.0	0.0	0.0	0.000585157	0.000772776	0.0	0.0	0.0	0.0	0.0	0.0	0.008074161	0.0	0.0	0.0	0.000514799	0.001301679	0.0	0.0	0.0	0.0	0.0	0.0	0.0	0.0	0.0	0.0	0.0	0.0	0.0	0.0	0.0	0.0	0.0	0.0	0.0	0.0	0.0	0.0	0.0	0.0	0.0	0.0	0.0	0.0	0.0	0.000823784	0.0	0.0	0.0
K01939|virulent	0.0	0.0	0.0	0.0	0.0	0.0	0.0	0.0	0.0	0.0	0.0	0.001784368	0.0	0.0	0.001483331	0.001118357	0.0	0.0	0.0	0.0	0.0	0.0	0.0	0.0	0.0	0.0	0.001182732	0.0	0.0	0.0	0.0	0.0	0.0	0.0	0.0	0.0	0.0	0.0	0.007439311	0.0	0.001279005	0.0	0.0	0.0	0.0	0.0	0.0	0.0	0.0	0.0	0.0	0.0	0.0
K01952|temperate	0.0	0.0	0.0	0.0	0.0	0.0	0.0	0.0	0.0	0.0	0.0	0.0	0.0	0.0	0.0	0.0	0.0	0.0	0.0	0.0	0.0	0.0	0.0	0.0	0.0	0.0	0.0	0.0	0.0	0.0	0.0	0.0	0.0	0.0	0.0	0.0	0.003228463	0.0	0.0	0.0	0.0	0.0	0.0	0.0	0.0	0.0	0.0	0.0	0.0	0.0	0.0	0.0	0.0
K01966|temperate	0.00964984	0.0	0.0	0.0	0.002517057	0.002743878	0.001524961	0.001726333	0.0	0.0	0.004361233	0.001608615	0.0	0.0	0.0	0.0	0.0	0.008918746	0.0	0.0	0.0	0.0	0.0	0.0	0.0	0.0	0.0	0.0	0.0	0.0	0.0	0.0	0.0	0.003869189	0.0	0.002651661	0.0	0.002275046	0.004214958	0.0	0.004712077	0.002338121	0.011909014	0.0	0.0	0.0	0.0	0.0	0.0	0.008115956	0.003066894	0.005793883	0.027856052
K01992|temperate	0.0	0.0	0.0	0.0	0.0	0.0	0.0	0.0	0.0	0.0	0.0	0.0	0.0	0.0	0.0	0.0	0.0	0.0	0.0	0.0	0.0	0.0	0.0	0.0	0.0	0.0	0.0	0.0	0.0	0.0	0.0	0.0	0.0	0.0	0.0	0.0	0.0	0.0	0.0	0.0	0.0	0.0	0.0	0.001487703	0.0	0.0	0.0	0.0	0.0	0.0	0.0	0.0	0.0
K02027|virulent	0.0	0.0	0.0	0.0	0.0	0.0	0.0	0.0	0.0	0.0	0.0	0.0	0.0	0.0	0.0	0.0	0.0	0.0	0.0	0.0	0.0	0.0	0.0	0.0	0.0	0.0	0.0	0.0	0.0	0.0	0.0	0.0	0.037906438	0.0	0.0	0.0	0.0	0.0	0.0	0.0	0.0	0.0	0.0	0.0	0.0	0.0	0.0	0.0	0.0	0.0	0.0	0.0	0.0
K02050|virulent	0.0	0.0	0.0	0.0	0.0	0.0	0.0	0.0	0.0	0.0	0.0	0.0	0.0	0.0	0.0	0.0	0.0	0.0	0.0	0.0	0.0	0.0	0.0	0.0	0.0	0.0	0.0	0.0	0.0	0.0	0.0	0.0	0.0	0.0	0.0	0.0	0.0	0.0	0.0	0.0	0.0	0.0	0.0	0.0	0.0	0.0	0.0	0.0	0.0	0.000812915	0.0	0.0	0.00658659
K02109|temperate	0.0	0.0	0.0	0.0	0.0	0.000724267	0.001022073	0.0	0.0	0.0	0.0	0.0	0.0	0.0	0.0	0.0	0.0	0.0	0.0	0.0	0.0	0.0	0.0	0.0	0.0	0.0	0.0	0.0	0.0	0.0	0.0	0.0	0.0	0.0	0.0	0.0	0.0	0.0	0.0	0.0	0.0	0.0	0.0	0.0	0.0	0.0	0.0	0.0	0.0	0.0	0.0	0.0	0.0
K02377|virulent	0.0	0.0	0.0	0.0	0.0	0.0	0.0	0.0	0.0	0.0	0.0	0.0	0.0	0.0	0.0	0.0	0.0	0.0	0.0	0.0	0.0	0.0	0.0	0.0	0.0	0.0	0.0	0.0	0.0	0.0	0.0	0.0	0.0	0.0	0.0	0.0	0.002983099	0.00066775	0.0	0.0	0.0	0.0	0.0	0.0	0.0	0.0	0.0	0.0	0.0	0.0	0.0	0.0	0.0
K02777|virulent	0.0	0.0	0.001100837	0.0	0.0	0.0	0.0	0.0	0.0	0.0	0.0	0.0	0.0	0.0	0.0	0.0	0.0	0.0	0.0	0.0	0.0	0.0	0.0	0.0	0.0	0.0	0.0	0.0	0.0	0.0	0.0	0.0	0.0	0.0	0.0	0.0	0.0	0.0	0.0	0.0	0.0	0.0	0.0	0.0	0.0	0.0	0.0	0.0	0.0	0.0	0.0	0.0	0.0
K02911|virulent	0.001450973	0.0	0.0	0.0	0.000277057	0.0	0.0	0.0	0.0	0.0	0.0	0.0	0.0	0.0	0.0	0.000596677	0.0	0.0	0.0041599589999999995	0.002858912	0.0	0.000719883	0.001889798	0.0	0.0	0.0	0.001550638	0.0	0.0	0.0	0.0	0.0	0.0	0.0	0.0	0.0	0.0	0.0	0.0	0.0	0.0	0.0	0.0	0.0	0.0	0.0	0.0	0.0	0.0	0.0	0.0	0.0	0.0
K02923|temperate	0.0	0.0	0.0	0.0	0.0	0.000625488	0.001744201	0.0	0.0	0.0	0.0	0.0	0.0	0.0	0.0	0.0	0.0	0.0	0.0	0.0	0.0	0.0	0.0	0.0	0.0	0.0	0.0	0.0	0.0	0.0	0.0	0.0	0.0	0.0	0.0	0.0	0.0	0.0	0.0	0.0	0.0	0.0	0.0	0.0	0.0	0.0	0.0	0.0	0.0	0.0	0.0	0.0	0.0
K03462|temperate	0.0	0.0	0.000548758	0.0	0.0	0.00150074	0.001744201	0.0	0.001075549	0.0	0.001319884	0.0	0.0	0.0	0.0	0.0	0.0	0.0	0.0	0.001500706	0.0	0.0	0.0	0.0	0.0	0.0	0.0	0.0	0.0	0.0	0.0	0.0	0.0	0.0	0.0	0.0	0.000615157	0.000531025	0.0	0.0	0.004136585	0.0	0.0	0.0	0.011708005	0.0	0.0	0.0	0.0	0.0	0.002254386	0.0	0.0
K03462|virulent	0.0	0.0037244609999999997	0.0	0.001570387	0.000579134	0.001912079	0.000990121	0.001727265	0.001925354	0.008555308	0.000956742	0.000428725	0.0	0.000307353	0.012275875	0.0	0.0	0.0	0.000514799	0.001301679	0.0	0.000689318	0.0	0.001091568	0.0	0.0	0.0	0.0	0.0	0.0	0.0	0.0	0.0	0.0	0.00228449	0.0	0.0	0.0	0.012969567	0.00307378	0.002594533	0.01320718	0.0	0.0	0.0	0.0	0.0	0.0	0.0	0.0	0.0	0.003463318	0.0
K03465|temperate	0.0	0.0011332719999999998	0.000947641	0.002211745	0.000462915	0.000724435	0.001274779	0.001302563	0.0	0.004487426	0.0016373689999999998	0.00077831	0.0	0.034299735	0.0	0.000341442	0.0	0.0	0.000519114	0.001886207	0.0	0.000305562	0.0	0.00082064	0.00406149	0.0043633100000000005	0.002453884	0.0	0.002190774	0.0	0.0	0.001026361	0.0	0.0	0.0	0.0	0.0	0.00177226	0.0	0.0	0.0	0.0	0.0	0.0	0.0020438	0.0	0.0	0.0	0.0	0.002104926	0.0	0.0	0.0
K03465|virulent	0.021525232	0.001292508	0.001627826	0.001686501	0.00146714	0.001252335	0.001691534	0.0	0.0015563219999999997	0.0	0.0	0.000545537	0.012281536	0.002485534	0.004215513	0.003749582	0.001008933	0.0	0.007750186	0.0036086499999999997	0.0	0.001308303	0.0054823450000000004	0.002062561	0.0	0.00061016	0.006675554	0.0	0.0	0.0	0.0	0.032634263	0.00635491	0.0	0.0	0.0	0.0	0.002564649	0.018298877999999998	0.005888229	0.0	0.002022078	0.0	0.002307678	0.001804574	0.0	0.0	0.011692563	0.0	0.004391882999999999	0.0	0.013095248	0.010544382
K03524|virulent	0.0	0.0	0.0	0.0	0.0	0.0	0.0	0.0	0.0	0.0	0.0	0.0	0.0	0.0	0.001820677	0.0	0.0	0.0	0.001066098	0.001248531	0.0	0.001365801	0.001674056	0.0	0.0	0.0	0.0	0.0	0.0	0.0	0.0	0.0	0.0	0.0	0.0	0.0	0.0	0.0	0.0	0.0	0.0	0.0	0.0	0.0	0.0	0.0	0.0	0.0	0.0	0.0	0.0	0.0	0.0
K04093|temperate	0.0	0.000917479	0.002038714	0.0	0.0	0.0	0.0	0.0	0.0	0.0	0.0	0.0	0.0	0.0	0.0	0.0	0.0	0.0	0.0	0.0	0.0	0.0	0.0	0.0	0.0	0.001014872	0.0	0.0	0.0	0.0	0.0	0.0	0.0	0.0	0.0	0.0	0.0	0.0	0.0	0.0	0.0	0.0	0.0	0.0	0.0	0.0	0.0	0.0	0.0	0.0	0.0	0.0	0.0
K04487|temperate	0.0	0.0	0.0	0.0	0.0	0.0	0.00058084	0.000296101	0.0	0.0	0.0	0.0	0.0	0.0	0.0	0.0	0.0	0.0	0.0	0.0	0.0	0.0	0.0	0.0	0.0	0.0	0.0	0.0	0.0	0.0	0.0	0.0	0.0	0.0	0.000820363	0.000716043	0.0	0.0	0.0	0.0	0.0	0.0	0.0	0.0	0.0	0.0	0.0	0.0	0.0	0.0	0.002040203	0.0	0.0
K05810|virulent	0.0	0.0	0.0	0.0	0.0	0.0	0.0	0.0	0.0	0.0	0.0	0.0	0.0	0.0	0.003641354	0.0	0.0	0.0	0.002132196	0.002497062	0.0	0.002731602	0.003348112	0.0	0.0	0.0	0.0	0.0	0.0	0.0	0.0	0.0	0.0	0.0	0.0	0.0	0.0	0.0	0.0	0.0	0.0	0.0	0.0	0.0	0.0	0.0	0.0	0.0	0.0	0.0	0.0	0.0	0.0
K05831|temperate	0.0	0.0	0.0	0.0	0.000255457	0.0	0.0	0.0	0.0	0.0	0.0	0.00018441	0.0	0.0	0.0	0.0	0.0	0.0	0.0	0.0	0.0	0.0	0.0	0.0	0.0	0.0	0.0	0.0	0.004753904	0.0	0.0	0.0	0.004082152	0.00472204	0.0	0.0	0.0	0.0	0.0	0.0	0.0	0.0	0.0	0.0	0.0	0.0	0.0	0.0	0.0	0.0	0.0	0.0	0.001225085
K06215|temperate	0.0	0.0	0.0	0.0	0.0	0.0	0.0	0.0	0.0	0.0	0.0	0.0	0.0	0.0	0.033708668	0.001975736	0.0	0.0	0.015325701	0.001434613	0.0	0.004093991	0.00410081	0.0	0.0	0.0	0.0	0.0	0.0	0.0	0.0	0.0	0.0	0.0	0.0	0.0	0.0	0.0	0.0	0.0	0.0	0.0	0.0	0.0	0.0	0.0	0.0	0.0	0.0	0.0	0.0	0.0	0.0
K06920|virulent	0.0	0.0	0.0	0.0	0.0	0.0	0.0	0.000296324	0.0	0.0	0.0	0.0	0.0	0.0	0.0	0.0	0.000700494	0.002451492	0.0	0.0	0.0	0.0	0.0	0.0	0.0	0.0	0.001831351	0.0	0.002069943	0.0	0.002045748	0.0	0.0	0.00291436	0.0	0.0	0.0	0.0	0.0	0.0	0.001742189	0.000606326	0.0	0.0	0.0	0.0	0.0	0.0	0.0	0.001205243	0.0	0.0	0.004419639
K06949|temperate	0.0	0.0	0.0	0.0	0.0	0.0	0.0	0.0	0.0	0.0	0.0	0.0	0.0	0.0	0.0	0.0	0.0	0.0	0.0	0.0	0.0	0.0	0.0	0.0	0.0	0.0	0.0	0.0	0.0	0.0	0.0	0.0	0.0	0.0	0.0	0.0	0.0	0.0	0.0	0.0	0.0	0.0	0.0	0.0	0.003666626	0.0	0.0	0.0	0.0	0.0	0.0	0.0	0.0
K06952|temperate	0.0	0.001213606	0.000500578	0.0	0.0	0.0	0.0	0.000431689	0.0	0.0	0.000897791	0.0	0.0	0.0	0.000777207	0.003647523	0.003238092	0.0	0.0	0.001444468	0.0	0.00143455	0.000538883	0.0	0.0	0.000644003	0.000251946	0.0	0.0	0.014096674	0.0	0.0	0.0	0.0	0.0	0.0	0.0	0.0	0.0	0.0	0.0	0.0	0.0	0.001521112	0.0	0.0	0.0	0.0	0.006945535	0.0	0.0	0.0	0.0
K07173|temperate	0.0	0.0	0.0	0.002518014	0.0	0.0	0.0	0.0	0.0	0.0	0.0	0.0	0.0	0.0	0.0115287	0.009971276	0.0	0.0	0.0	0.0	0.0	0.002822802	0.009936458	0.0	0.0	0.0	0.0	0.0	0.0	0.0	0.002846642	0.0	0.0	0.0	0.0	0.0	0.0	0.0	0.0	0.0	0.0	0.0	0.0	0.0	0.0	0.0	0.0	0.0	0.0	0.0	0.0	0.0	0.0
K07173|virulent	0.009848706	0.0	0.0	0.004670416	0.0	0.0	0.0	0.0	0.0	0.0	0.0	0.0	0.0	0.0	0.003401366	0.0	0.001718274	0.0	0.004589596	0.0	0.0	0.0	0.0	0.0	0.0	0.0	0.0	0.0	0.0	0.0	0.0	0.0	0.0	0.0	0.0	0.0	0.0	0.0	0.0	0.0	0.0	0.0	0.0	0.0	0.0	0.0	0.0	0.0	0.0	0.0	0.0	0.0	0.0
K08094|virulent	0.0	0.0	0.0	0.0	0.0	0.0	0.0	0.0	0.001952726	0.0	0.0	0.0	0.0	0.0	0.0	0.0	0.0	0.0	0.0	0.0	0.0	0.0	0.0	0.0	0.0	0.0	0.0	0.0	0.0	0.0	0.0	0.0	0.0	0.0	0.0	0.0	0.0	0.0	0.0	0.0	0.0	0.0	0.0	0.0	0.0	0.0	0.0	0.0	0.0	0.0	0.0	0.0	0.0
K08281|temperate	0.0	0.0	0.000548758	0.0	0.0	0.001044082	0.001744201	0.0	0.002276917	0.0	0.0	0.0	0.0	0.0	0.0	0.0	0.0	0.0	0.0	0.001500706	0.0	0.0	0.0	0.0	0.0	0.0	0.0	0.0	0.0	0.0	0.0	0.0	0.0	0.0	0.0	0.0	0.0	0.0	0.0	0.0	0.001951517	0.0	0.0	0.0	0.010151917	0.0	0.0	0.0	0.0	0.0	0.0	0.0	0.0
K08281|virulent	0.001450973	0.003522493	0.0	0.001188078	0.000277057	0.001342058	0.000588161	0.0	0.001925354	0.00974923	0.0	0.001784368	0.0	0.000307353	0.0	0.0003312	0.0	0.0	0.009279127000000002	0.0	0.0	0.0	0.001462596	0.000582125	0.0	0.0	0.001550638	0.0	0.0	0.0	0.0	0.0	0.0	0.0	0.00228449	0.0	0.0	0.0	0.012969567	0.00380913	0.001279005	0.01320718	0.0	0.0	0.0	0.0	0.0	0.0	0.0	0.00359126	0.0	0.003463318	0.0
K09457|virulent	0.0	0.0	0.0	0.0	0.0	0.0	0.0	0.0	0.0	0.0	0.0	0.0	0.0	0.0	0.0	0.0	0.0	0.0	0.0	0.0	0.0	0.0	0.0	0.0	0.0	0.0	0.001831351	0.0	0.0	0.0	0.0	0.0	0.0	0.0	0.0	0.0	0.0	0.0	0.0	0.0	0.0	0.0	0.0	0.0	0.0	0.0	0.0	0.0	0.0	0.0	0.0	0.0	0.0
K09882|virulent	0.0	0.0	0.0	0.0	0.0	0.0	0.0	0.0	0.0	0.0	0.0	0.0	0.0	0.0	0.0	0.0	0.0	0.0	0.0	0.0	0.0	0.0	0.0	0.0	0.0	0.006822176	0.0	0.0	0.0	0.0	0.0	0.0	0.0	0.0	0.0	0.0	0.0	0.0	0.0	0.0	0.0	0.0	0.0	0.0	0.0	0.0	0.0	0.0	0.0	0.0	0.0	0.0	0.0
K09903|virulent	0.0	0.0	0.0	0.0	0.0	0.0	0.0	0.0	0.0	0.0	0.0	0.0	0.0	0.0	0.001820677	0.0	0.0	0.0	0.001066098	0.001248531	0.0	0.001365801	0.001674056	0.0	0.0	0.0	0.0	0.0	0.0	0.0	0.0	0.0	0.0	0.0	0.0	0.0	0.0	0.0	0.0	0.0	0.0	0.0	0.0	0.0	0.0	0.0	0.0	0.0	0.0	0.0	0.0	0.0	0.0
K10026|temperate	0.0	0.0	0.0	0.0	0.0	0.0	0.0	0.0	0.0	0.000449398	0.0	0.0	0.0	0.0	0.0	0.004226138	0.0	0.0	0.0	0.0	0.0	0.0	0.0	0.0	0.0	0.0	0.0	0.0	0.0	0.0	0.0	0.0	0.0	0.0	0.0	0.0	0.0	0.0	0.0	0.0	0.0	0.0	0.0	0.0	0.0	0.0	0.0	0.0	0.0	0.0	0.0	0.0	0.0
K10026|virulent	0.001050188	0.0	0.0	0.001561696	0.0	0.0	0.0	0.0	0.001383846	0.002870555	0.0	0.0	0.0	0.0	0.0	0.0	0.000700494	0.0	0.0	0.0	0.0	0.0	0.0	0.0	0.0	0.0	0.0	0.0	0.0	0.0	0.002045748	0.0	0.0	0.0	0.0	0.0	0.0	0.0	0.0	0.0	0.0	0.0	0.0	0.0	0.0	0.0	0.0	0.0	0.0	0.0	0.0	0.0	0.0
K11752|virulent	0.0	0.0	0.0	0.0	0.0	0.0	0.0	0.0	0.0	0.0	0.0	0.0	0.0	0.0	0.0	0.0	0.0	0.0	0.0	0.0	0.001514515	0.0	0.0	0.0	0.0	0.0	0.0	0.0	0.0	0.0	0.0	0.0	0.0	0.0	0.0	0.0	0.0	0.0	0.0	0.0	0.0	0.0	0.0	0.0	0.0	0.0	0.0	0.0	0.0	0.0	0.0	0.0	0.0
K14394|temperate	0.005667632	0.004217742	0.002140648	0.003378595	0.0	0.0	0.0	0.0	0.004215326	0.001224887	0.0	0.0	0.004340219	0.0	0.009484871	0.000766557	0.022287363	0.0	0.001540168	0.000986065	0.0	0.004135344	0.001414548	0.004176202	0.0	0.002906643	0.001163166	0.007295164	0.0	0.001603941	0.0	0.0	0.0	0.0	0.0	0.0	0.0	0.0	0.0	0.0	0.0	0.0	0.0	0.0	0.012491788	0.0	0.0	0.0	0.0	0.0	0.0	0.0	0.0
K15894|virulent	0.0	0.0	0.0	0.0	0.0	0.0	0.0	0.0	0.0	0.0	0.0	0.0	0.0	0.0	0.0	0.0	0.0	0.0	0.0	0.0	0.0	0.0	0.0	0.0	0.0	0.0	0.0	0.0	0.0	0.0	0.0	0.0	0.0	0.0	0.007841448	0.0	0.000778719	0.00131976	0.017658875	0.0	0.0	0.0	0.0	0.0	0.0	0.0	0.0	0.0	0.0	0.0	0.010533044	0.002726256	0.0
K17398|temperate	0.0	0.0	0.0	0.0	0.0	0.002617599	0.0	0.0	0.0	0.0	0.0	0.00246921	0.0	0.0	0.0	0.000728889	0.0	0.0	0.000628419	0.000850992	0.0	0.001416504	0.0	0.0	0.0	0.0	0.0	0.0	0.0	0.0	0.02149362	0.0	0.0	0.0	0.0	0.0	0.0	0.0	0.0	0.0	0.0	0.0	0.0	0.0	0.0	0.0	0.0	0.0	0.0	0.0	0.0	0.0	0.0
K17398|virulent	0.0	0.0	0.0	0.0	0.000748034	0.0	0.001025485	0.003563757	0.0	0.0	0.0015358099999999999	0.000867891	0.0	0.000347709	0.0	0.0	0.0	0.0	0.0	0.0	0.005453595	0.0	0.0	0.0	0.012382786	0.0	0.0	0.0	0.0	0.0	0.0	0.001204342	0.00317438	0.0	0.0	0.008764422000000001	0.0	0.0	0.0	0.0	0.0	0.0	0.01244068	0.0	0.0	0.0	0.0	0.0	0.0	0.0	0.001583208	0.0	0.0
K18770|virulent	0.0	0.0	0.0	0.0	0.0	0.0	0.0	0.000614548	0.0	0.0	0.001492506	0.003116881	0.0	0.0	0.0	0.0	0.0	0.0	0.0	0.0	0.0	0.0	0.0	0.0	0.0	0.0	0.0	0.0	0.0	0.0	0.0	0.0	0.0	0.0	0.0	0.0	0.0	0.0	0.0	0.0	0.0	0.0	0.0	0.0	0.0	0.0	0.0	0.0	0.0	0.0	0.0	0.0	0.0
K19294|temperate	0.0	0.0	0.0	0.002076011	0.0	0.0	0.0	0.0	0.0	0.000577153	0.0	0.0	0.0	0.0	0.0	0.0	0.0	0.0	0.0	0.0	0.0	0.002154083	0.0	0.016358827	0.0	0.0	0.0	0.0	0.0	0.0	0.0	0.0	0.0	0.0	0.0	0.0	0.0	0.0	0.0	0.0	0.0	0.0	0.0	0.0	0.0	0.0	0.0	0.0	0.0	0.0	0.0	0.0	0.0
K19710|temperate	0.0	0.0	0.0	0.0	0.0	0.0	0.0	0.0	0.0	0.0	0.0	0.0	0.0	0.0	0.0	0.0	0.0	0.0	0.0	0.0	0.0	0.0	0.0	0.0	0.0	0.0	0.0	0.0	0.0	0.0	0.0	0.0	0.0	0.0	0.0	0.0	0.0	0.0	0.007597107	0.0	0.0	0.0	0.0	0.0	0.0	0.0	0.0	0.0	0.0	0.0	0.0	0.0	0.0
K19796|virulent	0.0	0.0	0.0	0.0	0.0	0.0	0.0	0.0	0.000407981	0.0	0.0	0.0	0.0	0.0	0.0	0.0	0.0	0.0	0.0	0.0	0.0	0.0	0.0	0.0	0.0	0.0	0.0	0.0	0.0	0.0	0.0	0.0	0.0	0.0	0.0	0.0	0.0	0.0	0.0	0.0	0.0	0.0	0.0	0.001535823	0.0	0.0	0.0	0.0	0.0	0.0	0.0	0.0	0.0
K21064|temperate	0.0	0.0	0.0	0.0	0.0	0.0	0.0	0.0	0.0	0.0	0.0	0.0	0.0	0.0	0.0	0.0	0.0	0.003458965	0.0	0.0	0.0	0.0	0.0	0.0	0.0	0.0	0.0	0.0	0.0	0.0	0.0	0.0	0.0	0.0	0.0	0.0	0.0	0.0	0.0	0.0	0.0	0.0	0.0	0.0	0.0	0.0	0.0	0.0	0.0	0.0	0.0	0.0	0.0
K21345|temperate	0.0	0.0	0.0	0.0	0.0	0.0	0.0	0.0	0.0	0.0	0.0	0.0	0.0	0.0	0.0	0.0	0.0	0.0	0.0	0.0	0.0	0.0	0.0	0.0	0.0	0.0	0.0	0.0	0.0	0.0	0.0	0.0	0.0	0.0	0.0	0.001770019	0.0	0.0	0.0	0.0	0.0	0.0	0.0	0.0	0.0	0.0	0.0	0.0	0.0	0.0	0.001925663	0.0	0.0
K21345|virulent	0.0	0.0	0.0	0.0	0.005463182	0.0	0.0	0.0	0.0	0.0	0.0	0.000642256	0.0	0.0	0.0	0.0	0.0	0.0	0.0	0.0	0.0	0.0	0.0	0.0	0.0	0.0	0.0	0.0	0.0	0.0	0.0	0.0	0.0	0.0	0.0	0.0	0.0	0.0	0.0	0.000585054	0.0	0.0	0.0	0.0	0.0	0.0	0.0	0.0	0.0	0.0	0.0	0.0	0.0
K21636|temperate	0.005759988	0.001519845	0.0	0.008929993	0.0	0.008168562	0.0	0.0	0.002402736	0.014048327	0.006819592	0.0	0.047130484	0.00902277	0.000478737	0.000478199	0.009840022	0.0	0.0	0.021045326	0.002889085	0.01520311	0.036704789	0.010193187999999999	0.0	0.0	0.004582025	0.0	0.0	0.0	0.0	0.000478696	0.006163269	0.0	0.0	0.0	0.006466036	0.0	0.0	0.0	0.004370136	0.0	0.0	0.0	0.0	0.0	0.0	0.0	0.0	0.0	0.0	0.0	0.0
K21636|virulent	0.022185008	0.00945622	0.0075903640000000005	0.003200484	0.000530321	0.001380074	0.003968225	0.01053774	0.006718821	0.000316801	0.0044192350000000005	0.008780389	0.001061367	0.005789359	0.013183487	0.020825417	0.024980404	0.0	0.015827113	0.009770553999999999	0.013485822	0.075389518	0.017073526	0.0031389960000000002	0.013378762	0.00321203	0.047107790999999996	0.002382263	0.0	0.635490538	0.018982414	0.011397677	0.0	0.0	0.0	0.0	0.013207455	0.0	0.007525752	0.012840153	0.0	0.004811091	0.001179555	0.004963149	0.012987323	0.001756212	0.0	0.0	0.0	0.002449614	0.0	0.0	0.01317318
K22604|virulent	0.0	0.0	0.0	0.001174136	0.0	0.0	0.0	0.0	0.0	0.0	0.0	0.0	0.0	0.0	0.0	0.0	0.0	0.0	0.0	0.0	0.0	0.0	0.0	0.0	0.0	0.0	0.0	0.0	0.0	0.0	0.0	0.0	0.0	0.0	0.0	0.0	0.0	0.0	0.0	0.0	0.0	0.0	0.0	0.0	0.0	0.0	0.0	0.0	0.0	0.0	0.0	0.0	0.0
K22954|temperate	0.0	0.0	0.000809719	0.000399707	0.0	0.000522903	0.0	0.0	0.0	0.0	0.0	0.0	0.0	0.0	0.0	0.0	0.0	0.0	0.0	0.0	0.0	0.0	0.0	0.0	0.0	0.0	0.0	0.0	0.0	0.0	0.0	0.0	0.0	0.0	0.0	0.0	0.0	0.0	0.0	0.0	0.0	0.0	0.0	0.0	0.0	0.0	0.0	0.0	0.0	0.0	0.0	0.0	0.0
K22954|virulent	0.0	0.0	0.0	0.00100394	0.000279685	0.0	0.0	0.0	0.0	0.0	0.0	0.000266346	0.0	0.0	0.0	0.0	0.0	0.0	0.0	0.0	0.0	0.0	0.0	0.0	0.0	0.0	0.0	0.0	0.0	0.0	0.0	0.0	0.005039446	0.002631922	0.0	0.0	0.0	0.0	0.0	0.000482926	0.0	0.0	0.0	0.0	0.0	0.0	0.0	0.0	0.0	0.0	0.0	0.0	0.0
K23393|temperate	0.000457877	0.002539313	0.0	0.004876673	0.0	0.0	0.0	0.0	0.000182885	0.0	0.0	0.0	0.0	0.0	0.0	0.0	0.0	0.0	0.0	0.0	0.0	0.0	0.0	0.0	0.0	0.0	0.0	0.0	0.0	0.0	0.0	0.0	0.0	0.0	0.0	0.0	0.0	0.0	0.0	0.0	0.0	0.0	0.0	0.0	0.0	0.0	0.0	0.0	0.0	0.0	0.0	0.0	0.0
K23393|virulent	0.0	0.0	0.0	0.0	0.0	0.0	0.0	0.0	0.0	0.0	0.0	0.0	0.0	0.0	0.004490596	0.00068036	0.0	0.0	0.0006292	0.0	0.0	0.0	0.001574171	0.0	0.0	0.0	0.0	0.0	0.0	0.0	0.0	0.0	0.0	0.0	0.0	0.0	0.0	0.0	0.0	0.0	0.0	0.0	0.0	0.0	0.0	0.0	0.0	0.0	0.0	0.0	0.0	0.0	0.0
