"","Species","Age_stage","Sex","Area","Bac_PCoA1","Bac_PCoA2","Bac_PCoA3","Shannon"
"Rat2","Rattus_norvegicus","Adult","Female","City region",0.363349871348749,-0.082910721397151,-0.0915020110572095,5.49597466726591
"Rat4","Rattus_norvegicus","Adult","Female","City region",0.35804032869712,-0.0399213740113329,-0.111637090145054,5.53712178325308
"Rat5","Rattus_tanezumi","Adult","Male","City region",-0.236251668204057,0.147963758418973,-0.181300789942746,5.12659062243794
"Rat8","Rattus_tanezumi","Adult","Male","City region",-0.188994771754145,0.0487915077585543,-0.353402090263579,5.51468756623002
"Rat10","Rattus_norvegicus","Subadult","Male","City region",0.0154240549490998,-0.115445704098365,0.0103376971712871,5.15211212773966
"Rat12","Rattus_norvegicus","Subadult","Female","City region",0.281228149731812,0.0663482676525592,-0.101463887445063,5.38232877925293
"Rat13","Rattus_norvegicus","Adult","Male","City region",0.368689464612129,-0.0816336532686754,-0.0898752289073387,5.39310414109126
"Rat16","Rattus_norvegicus","Adult","Male","City region",0.329272059065183,-0.121862385702614,-0.097759702609166,5.62490927045576
"Rat18","Rattus_tanezumi","Adult","Female","City region",-0.211566985601323,0.09024899772767,-0.344853327787696,5.45207130992624
"Rat21","Rattus_norvegicus","Subadult","Male","City region",0.291042619829945,-0.0809547703525706,-0.0460858821652776,4.94972239708662
"Rat23","Rattus_tanezumi","Adult","Female","City region",-0.296073495211831,-0.10861607421796,-0.147759963833663,5.1836679244708
"Rat24","Rattus_tanezumi","Adult","Male","City region",-0.205016002059301,0.176882649818899,-0.20529582336363,5.50304214650111
"Rat25","Rattus_tanezumi","Adult","Female","City region",-0.151246193985181,0.155884524194215,-0.324487346135447,5.27607095661151
"Rat26","Rattus_norvegicus","Adult","Male","City region",0.353785226958447,-0.143444312075508,0.0537589782604299,4.98980629726642
"Rat29","Rattus_tanezumi","Subadult","Male","City region",-0.306988837789307,-0.222748566640202,0.0287804272169713,4.62041470377941
"Rat32","Rattus_norvegicus","Adult","Female","City region",0.409289033524064,-0.0795862856473381,-0.0574508265999144,5.38105771484688
"Rat34","Rattus_tanezumi","Subadult","Female","City region",-0.307384353201434,-0.160206278347555,-0.0401670230628543,5.06209312548875
"Rat39","Rattus_tanezumi","Subadult","Female","City region",-0.285436418489783,-0.0865871117479062,0.102024336496667,4.57864355615738
"Rat40","Rattus_norvegicus","Adult","Male","City region",0.343303165614878,-0.093552969186295,-0.0477685693885894,5.22737692826547
"Rat41","Rattus_tanezumi","Adult","Female","City region",-0.24020739553574,0.17000956314348,-0.101312857285095,5.29053953980804
"Rat47","Rattus_norvegicus","Adult","Male","Livestock farm",0.398127083981708,-0.0702181647050145,0.0538306547277168,5.28135411341143
"Rat50","Rattus_norvegicus","Adult","Male","Livestock farm",0.444587138252058,-0.114680035244911,0.0311871445925605,5.34226849484926
"Rat51","Rattus_norvegicus","Adult","Male","Livestock farm",0.419423871680541,-0.0457603550481308,0.00237067146037871,5.34373732525486
"Rat52","Rattus_norvegicus","Adult","Male","Livestock farm",0.226559823500929,0.0148509935008146,-0.0502620603187037,5.19750560747611
"Rat57","Rattus_norvegicus","Adult","Female","Livestock farm",0.312810195386523,-0.0443394483165842,0.184528962232604,4.73255515204137
"Rat60","Rattus_norvegicus","Adult","Male","Livestock farm",0.379390258246579,-0.0531428681506548,0.116795378653585,5.34989601640513
"Rat61","Rattus_norvegicus","Adult","Male","Livestock farm",0.26966130746312,0.165077517251824,0.0691457409385156,4.75724264521449
"Rat120","Rattus_tanezumi","Adult","Female","Livestock farm",-0.339976866435381,-0.196694566611275,0.032747689957793,4.98256280635378
"Rat122","Rattus_tanezumi","Subadult","Female","Livestock farm",-0.229067236019365,-0.0970216179347725,0.175989392830711,4.56134021956569
"Rat123","Rattus_tanezumi","Subadult","Male","Livestock farm",-0.279082070293402,-0.135825421359953,0.0415418488126048,4.49571560954191
"Rat124","Rattus_tanezumi","Adult","Male","Livestock farm",-0.269795217788198,-0.135969487739159,0.0161517995612523,4.68189458150223
"Rat125","Rattus_tanezumi","Adult","Female","Livestock farm",-0.28449993212846,-0.0710779245927042,-0.0287738701919387,4.8660665396781
"Rat127","Rattus_tanezumi","Subadult","Male","Livestock farm",-0.341955105899814,-0.276916869166,0.0913318492760596,4.6747977997867
"Rat128","Rattus_tanezumi","Subadult","Male","Livestock farm",-0.330254689008812,-0.273142080701265,0.113373936800977,4.72029175736913
"Rat137","Rattus_norvegicus","Subadult","Female","Suburbs",-0.276512270715862,-0.138493720103793,0.0799598482245517,4.56753712302545
"Rat141","Rattus_norvegicus","Adult","Female","Suburbs",-0.0178703249899183,0.214081702660681,0.212587453832003,4.50351481787892
"Rat142","Rattus_norvegicus","Adult","Female","Suburbs",0.108992203907703,0.339999936832985,0.0379030426354551,4.96585378809384
"Rat143","Rattus_tanezumi","Subadult","Male","Suburbs",-0.245947808862521,0.134327681473612,0.232760894407289,4.55229227329901
"Rat187","Rattus_tanezumi","Adult","Female","Suburbs",-0.162283410080177,0.315378648756807,0.241511138480205,4.51429964819303
"Rat197","Rattus_tanezumi","Subadult","Male","Suburbs",-0.243832837639764,0.000374589594075753,0.0557909061415035,4.62745593808994
"Rat198","Rattus_norvegicus","Adult","Male","Livestock farm",0.153204573200401,0.0971853189050557,0.184107827594915,4.61690130605598
"Rat222","Rattus_tanezumi","Adult","Male","Suburbs",-0.0633876138460582,0.289723430584563,-0.123988616240064,3.72122359016272
"Rat225","Rattus_tanezumi","Adult","Male","Suburbs",-0.06922539087677,0.244290061118186,-0.115595531787598,4.87979249632313
"Rat231","Rattus_tanezumi","Adult","Female","Suburbs",-0.193861046496597,0.0372932956127879,0.142627591784884,4.59804111258308
"Rat238","Rattus_norvegicus","Subadult","Female","Suburbs",-0.0494624870377835,0.362040321361952,0.349597286439709,3.82504441357148
