row_id	Rat2	Rat4	Rat5	Rat8	Rat10	Rat12	Rat13	Rat16	Rat18	Rat21	Rat23	Rat24	Rat25	Rat237	Rat61	Rat60	Rat57	Rat139	Rat52	Rat51	Rat226	Rat50	Rat47	Rat40	Rat236	Rat32	Rat26	Rat238	Rat140	Rat198	Rat142	Rat141	Rat230	Rat137	Rat122	Rat125	Rat124	Rat120	Rat123	Rat41	Rat39	Rat34	Rat29	Rat231	Rat225	Rat222	Rat201	Rat197	Rat187	Rat143	Rat128	Rat127	Rat138
K00012|virulent	0.0	0.0	0.0	0.0	0.0	0.000444192	0.0	0.0	0.0	0.0	0.0	0.0	0.0	0.0	0.0	0.0	0.0	0.0	0.0	0.0	0.0	0.0	0.0	0.000474236	0.0	0.0	0.0	0.0	0.0	0.0	0.0	0.0	0.0	0.0	0.0	0.0	0.0	0.0	0.0	0.0	0.0	0.0	0.0	0.0	0.0	0.0	0.0	0.0	0.0	0.0	0.0	0.0	0.0
K00059|virulent	0.0	0.0	0.0	0.0	0.002707322	0.001334286	0.0	0.0	0.0	0.000466075	0.0	0.000404408	0.004660122	0.0	0.0	0.003909389	0.0	0.0	0.0	0.0001529	0.0	0.0	0.0	0.0	0.0	0.0	0.0	0.0	0.0	0.0	0.0	0.003126222	0.0	0.0	0.0	0.0	0.0	0.0	0.0	0.0	0.0	0.0	0.0	0.0	0.0	0.0	0.0	0.0	0.0	0.0	0.0	0.0	0.0
K00067|virulent	0.0	0.0	0.0	0.0	0.0	0.0	0.0	0.0	0.0	0.0	0.0	0.0	0.0	0.0	0.000555835	0.0	0.000726918	0.0	0.0	0.000817052	0.0	0.000628953	0.0	0.0	0.0	0.0	0.0	0.0	0.0	0.0	0.0	0.0	0.0	0.0	0.0	0.0	0.0	0.0	0.0	0.0	0.0	0.0	0.0	0.0	0.0	0.0	0.0	0.0	0.0	0.0	0.0	0.0	0.0
K00287|virulent	0.0	0.000322601	0.0	0.0	0.0	5.45e-05	0.000229364	0.0	0.0	0.0066827449999999995	0.0	0.0	0.0	0.0	0.001282979	0.011793458	0.0	0.0	0.0	0.0	0.0	0.0	0.000513564	0.0	0.0	0.0	0.000655127	0.0	0.0	0.000433393	0.0	0.0	0.005130687	0.0	0.0	0.0	0.0	0.0	0.0	0.0	0.0	0.0	0.0	0.0	0.002656324	0.0	0.0	0.0	0.0	0.0	0.0	0.0	0.0
K00364|temperate	0.0	0.0	0.0	0.0	0.0	0.0	0.0	0.0	0.0	0.0	0.0	0.0	0.0	0.0	0.0	0.0	0.0	0.0	0.0	0.0	0.0	0.0	0.0	0.0	0.0	0.0	0.0	0.000459737	0.0	0.0	0.0	0.0	0.0	0.0	0.0	0.0	0.0	0.0	0.0	0.0	0.0	0.0	0.0	0.0	0.0	0.0	0.0	0.0	0.0	0.0	0.0	0.0	0.0
K00364|virulent	0.0	0.0	0.0	0.0	0.0	0.0	0.0	0.0	0.0	0.000190221	0.0	0.0	0.0	0.0	0.0	0.0	0.0	0.0	0.0	0.0	0.0	0.0	0.0	0.0	0.0	0.0	0.0	0.0	0.0	0.0	0.0	0.0	0.002132481	0.0	0.0	0.0	0.0	0.0	0.0	0.0	0.0	0.0	0.0	0.0	0.0	0.0	0.0	0.0	0.0	0.0	0.0	0.0	0.0
K00390|temperate	0.000330266	0.0	0.00269807	0.0	0.000487664	0.000569273	0.0	0.0	0.0	0.0	0.0	0.0	0.000295512	0.0	0.0	0.0	0.0	0.0	0.000418061	0.0	0.000281845	0.0	0.0	0.0	0.0	0.00047862100000000004	0.0	0.006545183	0.0	0.0	0.001485789	0.0	0.009479893	0.0	0.0	0.0	0.0	0.003174102	0.0	0.0	0.0	0.0	0.0	0.0	0.0	0.000220617	5.53e-05	0.0	0.0	0.0	0.0	0.0	0.0
K00390|virulent	0.0	0.0	0.00216798	0.00157015	0.0	0.0	0.0	0.0	0.001443525	0.0	0.0	0.0	0.0	0.0	0.00171979	0.002421223	0.0	0.0	0.000410132	2.28e-05	0.002888023	0.0	0.0	0.0	0.0	0.000195502	3.71e-05	0.0	0.0	0.000281921	0.0	0.0	0.0	0.0	0.001363836	0.0	0.0	0.0	0.0	0.001275221	0.0	0.0	0.0	0.0008875420000000001	0.0	0.0	0.000225148	0.0	0.0	0.0	0.005452812	0.0	0.0
K00525|temperate	0.000295738	0.0	0.0	0.0	0.001716319	0.002900552	0.000292968	0.001112029	0.003205334	0.016656002	0.0009216340000000001	0.0040522069999999995	0.0	0.0	0.004329502	0.000166941	0.006536015	0.0	0.00029892000000000005	0.000762423	0.0	0.00250659	0.00021157499999999998	0.005757106	0.0	0.078984822	0.018876411	0.0	0.001335057	0.0034401009999999997	0.0	0.0	0.0	0.0	0.0	0.0	0.0	0.0005173	0.0	0.0024391210000000003	0.0	0.004982758	0.002678696	0.0	0.0	0.0	0.002071427	0.010370056999999998	0.0	0.00068554	0.0	0.002047523	0.0
K00525|virulent	0.004049851	0.00424205	0.018226566	0.008679392000000001	0.034397958	0.049877514	0.001474539	0.000647773	0.031157248	0.044692384	0.001186168	0.013972195000000001	0.01467215	0.004475471	0.000555835	0.031032913	0.023046539999999997	0.0	0.0008733079999999999	0.002842935	0.085763937	0.008884121	0.002435939	0.005361454	0.0	0.003452544	0.005084075	0.000341966	0.001083404	0.005445476	0.08920265999999999	0.002423478	0.042174461	0.0	0.0	0.0	0.0	0.001502057	0.0	0.0013497040000000002	0.0	0.002346519	0.0	0.050032347	0.02334321	0.000358564	0.0006922390000000001	0.05239907	0.0	0.004742603999999999	0.005358785	0.0	0.0
K00526|virulent	0.00048234	0.000579726	0.0	0.0	0.0	0.0019721310000000002	0.001580484	0.0	0.001102626	0.000231653	0.0	0.00041298400000000003	0.0	0.0	0.0009338479999999999	0.011976912	0.000726918	0.0	0.000167644	0.011259555000000001	0.0	0.00118506	0.000149027	0.0	0.0	0.0	0.0005444	0.0	0.0	0.010329667999999998	0.0	0.0	0.0	0.0	0.0	0.0	0.0	0.0	0.0	0.0	0.0	0.000563917	0.0	0.029671672	0.0	0.0	0.000395373	0.0	0.0	0.0	0.0	0.0	0.0
K00558|temperate	0.051534369999999996	0.028258974	0.024826958	0.01242696	0.01376239	0.006232001	0.002644652	0.024983635999999997	0.0044103549999999995	0.015563533	0.008710302	0.00482864	0.009411767	0.000713843	0.011441691	0.026896155	0.034210479	0.006269678	0.00862399	0.005603729	0.002514591	0.00692857	0.02535687	0.40930651799999995	0.0	0.001063482	0.002038907	0.022822309	0.000348865	0.007004572	0.033556369	0.013494959	0.011505478	0.008798239999999999	0.046038608	0.017688748	0.0032275	0.02358276	0.031103328	0.000247763	0.006521776	0.016371734	0.027307319	0.0028518249999999997	0.004318682	0.000696322	0.058147863999999994	0.006021082	0.0	0.13259399	0.107548405	0.0	0.000885351
K00558|virulent	0.002427103	0.021413127	0.012858096	0.0008336680000000001	0.022733468	0.024585536	0.021558794	0.0	0.001903186	0.004388827	0.002590028	0.002393104	0.005763071	0.001480624	0.019807806	0.010158636	0.027675835	0.01439537	0.0033018369999999997	0.004030347	0.007989066	0.012783866999999999	0.002943803	0.005913292	0.013310495	0.005672219	0.040146154	0.002947456	0.050184262	0.026695041000000003	0.027138427	0.0	0.005334838	0.003113454	0.045507814	0.001687392	0.005210364	0.002084056	0.0	0.004844373	0.008038204	0.005149822	0.000190995	0.013028989000000001	0.012231846000000001	0.000322325	0.001554115	0.052579515	0.0	0.00134141	0.0	0.0	0.054581352
K00560|temperate	0.000109954	0.0	0.0	0.002925232	0.0007152269999999999	0.002264661	0.0	0.0007467	0.0	0.011267000000000001	0.0	0.0	0.0	0.0	0.0	0.000450156	0.012275582	0.0	0.001028418	0.00065247	0.000279313	0.000496351	0.004219148	0.001446205	0.0	0.000506253	0.001078543	0.000876315	0.0	0.000152967	0.024135892	0.0	0.000355051	0.0	0.001768314	0.0	0.0	0.0	0.001363672	0.0	0.0	0.0	0.0	0.0	0.010904386	0.0	0.0	0.0	0.0	0.0	0.0	0.004311081	0.0
K00560|virulent	0.0027402950000000002	0.025636614999999998	0.0	0.000512589	0.009301947	0.0028951660000000002	0.003953781	0.010037635	0.0009926660000000001	0.008742708	0.0	0.002521725	0.0054889349999999995	0.001292837	0.011996597999999999	0.024106968	0.037900934	0.032991105	0.001265134	0.0012190999999999999	0.00149092	0.005968668999999999	0.006579696	0.006319625000000001	0.004613517	0.010336506	0.005843851	0.0	0.003133377	0.005064031	0.001605033	0.079451577	0.001429176	0.0	0.0	0.0	0.016477629	0.002988247	0.002619122	0.0016652149999999998	0.000678744	0.0	0.035003029000000005	0.011436881	0.0	4.19e-05	0.034781339	0.001152191	0.02132451	0.000355444	0.0	0.005117785	0.022179139
K00600|temperate	0.0	0.0	0.0	0.0	0.0	0.0	0.0	0.0	0.0	0.0	0.0	0.0	0.0	0.0	0.0	0.0	0.0	0.0	0.0	0.0	0.001242744	0.0	0.0	0.0	0.0	0.0	0.0	0.0	0.0	0.0	0.0	0.0	0.0	0.0	0.0	0.0	0.006530707	0.0	0.0	0.0	0.0	0.0	0.0	0.0	0.0	0.0	0.0	0.010534451	0.0	0.0	0.0	0.0	0.0
K00600|virulent	0.0	0.0	0.0	0.0	0.0	0.000133822	0.0	0.0	0.0	0.000573516	0.0	0.0	0.0	0.0	0.0	5.94e-05	0.0	0.0	6.85e-05	9.26e-05	0.00270701	0.000103664	6.94e-05	0.001192145	0.0	0.0	0.000105854	0.000483991	0.0	0.0	0.0	0.0	0.009188092	0.0	0.0	0.0	0.0	0.002399666	0.0	0.003844282	0.0	0.0	0.002447416	0.0	0.0	0.0	0.0	0.0	0.0	0.0	0.0	0.0	0.0
K00639|temperate	0.0	0.0	0.0	0.0	0.0	0.0	0.0	0.0	0.0	0.0	0.0	0.0	0.0	0.0	0.000723402	0.0	0.0	0.0	0.0	0.0	0.0	0.000367247	0.0	0.0	0.0	0.0	0.0	0.0	0.0	0.0	0.0	0.0	0.0	0.0	0.0	0.0	0.0	0.0	0.0	0.0	0.0	0.0	0.0	0.0	0.0	0.0	0.0	0.0	0.0	0.0	0.0	0.0	0.0
K00656|temperate	7.65e-05	0.0	0.0	0.0	0.0	0.004218156	0.0	0.0	0.0	0.0	0.0	0.0	0.0	0.0	0.0074752410000000005	0.004474958	0.029146451	0.0	0.001290617	1.38e-05	0.0	0.000638367	0.0	0.0	0.0	0.000150294	0.008166303	0.0	0.0	0.0	0.0	0.0	0.0	0.0	0.0	0.0	0.0	0.0	0.0	0.0	0.0	0.0	0.0	0.0	0.0	0.0	0.0	0.0	0.0	0.0	0.0	0.0	0.0
K00656|virulent	0.0029623469999999997	0.003132326	0.0	0.0	0.001213948	0.0050955589999999995	0.0	0.0055709769999999995	0.0	0.004339879	0.0	0.0	0.0	0.0	0.005983474	0.016172351	0.000194174	0.0	0.00029071900000000005	0.001973967	0.0	0.00384383	0.001356832	0.003280738	0.0	0.001280201	0.015289297	0.0	0.0	0.00035043400000000005	0.0	0.0	0.0	0.0	0.0	0.0	0.0	0.0	0.0	0.0	0.0	0.0	0.0	0.009871688	0.0	0.0	0.0	0.0	0.0	0.0	0.0	0.0	0.0
K00688|virulent	0.0	0.0	0.0	0.0	0.0	0.0	0.0	0.0	0.0	0.0	0.0	6.24e-05	0.000505101	0.0	0.0	0.0	0.0	0.0	0.0	0.0	0.0	0.0	0.0	0.0	0.0	0.0	0.0	0.0	0.0	0.0	0.0	0.0	0.0	0.0	0.0	0.0	0.0	0.0	0.0	0.0	0.0	0.000619095	0.0	0.0	0.0	0.0	0.0	0.0	0.0	0.0	0.0	0.0	0.0
K00760|virulent	0.0	0.0	0.0	0.0	0.0	0.0	0.0	0.0	0.0	0.0	0.0	0.0	0.0	0.0	0.0	0.0	0.0	0.0	0.0	0.000130325	0.0	0.0	0.0	0.0	0.0	0.0	0.0	0.000170983	0.0	0.0	0.0	0.001211739	0.0	0.0	0.0	0.0	0.0	0.0	0.0	0.0	0.0	0.0	0.0	0.0	0.0	0.0	0.0	0.0	0.0	0.0	0.0	0.0	0.0
K00763|temperate	0.0	0.0	0.0	0.0	0.0	0.0	0.0	0.0	0.0	0.0	0.0	0.0	0.0	0.0	0.0	0.0	0.0	0.0	0.0	0.0	0.0	0.0	0.0	0.0	0.0	0.0	0.0	0.0	0.0	0.0	0.0	0.0	0.0	0.0	0.0	0.0	0.0	0.0	0.0	0.0	0.0	0.0	0.001076864	0.0	0.0	0.0	0.0	0.0	0.0	0.006560922	0.0	0.0	0.0
K00763|virulent	0.002624847	0.022634026	0.005280822	0.0	0.003248065	0.000252274	0.000516747	0.001554736	0.0	0.00850649	0.00220877	0.000385656	0.000672353	0.0	0.000500011	0.0012714889999999998	0.0	0.0	0.0026078359999999997	1.13e-05	0.001446883	0.001144817	0.00023080399999999998	0.000513727	0.0	0.001514935	0.010987245	0.000280113	0.0	0.0	0.002435003	0.009747684	0.0	0.0	0.0	0.0	0.0	0.0009645	0.019979072	0.0	0.0	0.012488963	0.012741102	0.0	0.0	0.0	0.0	0.036150322	0.0	0.0	0.004721619	0.002299811	0.0
K00765|virulent	0.0	0.0	0.0	0.0	0.0	0.0	0.000222063	0.0	0.0	0.0	0.0	0.0	0.0	0.0	0.002244425	0.0	0.0	0.0	0.0	1.21e-05	0.0	0.0	0.0	0.0	0.0	0.0	0.0	0.0	0.0	0.0	0.0	0.0	0.0	0.0	0.0	0.0	0.0	0.0	0.0	0.0	0.0	0.0	0.0	0.0	0.0	0.0	0.0	0.0	0.0	0.0	0.0	0.0	0.0
K00789|temperate	0.0	0.0	0.0	0.0	0.00046663	0.0	0.0	0.000597573	0.0	0.0	0.0	0.0	0.0	0.0	0.015505016	0.069752914	0.000266296	0.0	0.0007922820000000001	0.0018643	0.000351078	0.000923108	0.001969958	0.00575013	0.0	0.000217486	0.0	0.0	0.0	0.000199483	0.0	0.0	0.0	0.0	0.016552095000000003	0.0	0.0	0.043413754	0.0	0.0	0.0	0.0	0.0	0.0	0.0	0.0	0.0	0.0	0.0	0.008159232	0.0	0.0	0.0
K00789|virulent	0.0	9.09e-05	0.0	0.001178398	0.000566987	0.006161374	0.0	0.0	0.0	0.001099068	0.001474699	0.000252257	0.001962422	0.0	0.000800562	0.000847266	0.001624496	0.0	0.0	0.000125	0.000208743	0.00087588	0.00116884	0.003091359	0.0	0.002746905	0.001278466	0.0	0.0	5.26e-05	0.0	0.0	0.012141243999999999	0.005026298	0.006646163	0.0	0.0	0.00272049	0.0	0.0002017	0.0	0.0	0.0	0.0	0.0	0.0	0.0	0.0	0.0	0.003568684	0.002992081	0.0	0.0
K00821|temperate	0.0	0.0	0.0	0.0	0.0	0.0	0.0	0.0	0.001602667	0.000585468	0.0	0.000741065	0.0	0.0	0.0	0.0	0.0	0.0	0.0	0.0	0.0	0.0	0.0	0.0	0.0	0.0	0.0	0.0	0.0	0.0	0.0	0.0	0.0	0.0	0.0	0.0	0.0	0.0	0.0	0.0	0.0	0.0	0.0	0.0	0.0	0.0	0.0	0.0	0.0	0.0	0.0	0.0	0.0
K00821|virulent	0.00011463	0.0	0.0	0.0	0.000826473	0.0	0.0	0.0	0.0	0.0	0.0	0.0	0.0	0.000499646	0.0	0.0	0.0	0.0	0.0	8.57e-05	0.0	0.0	0.0	0.0	0.0	0.0	0.0	0.0	0.0	0.0	0.0	0.0	0.000827653	0.0	0.0	0.0	0.0	0.0	0.0	0.0	0.0	0.0	0.0	0.0	0.0	0.0	0.0	0.0	0.0	0.0	0.0	0.0	0.0
K00847|temperate	0.0	0.0	0.0	0.0	0.0	0.0	0.0	0.0	0.0	0.0	0.0	0.0	0.0	0.0	0.0	0.0	0.0	0.0	0.0	0.0	0.0	0.0	0.0	0.0	0.0	0.0	0.0	0.0	0.0	0.0	0.0	0.0	0.0	0.0	0.0	0.0	0.0	0.0	0.0	0.002128379	0.0	0.0	0.0	0.0	0.0	0.0	0.0	0.0	0.0	0.0	0.0	0.0	0.0
K00847|virulent	0.0	0.0	0.0	0.0	0.0	0.0	0.0	0.0	0.0	0.000466075	0.0	0.0	0.0	0.0	0.0	0.003909389	0.0	0.0	0.0	0.000130325	0.0	0.0	0.0	0.0	0.0	0.0	0.0	0.000170983	0.0	0.0	0.0	0.001211739	0.0	0.0	0.0	0.0	0.0	0.0	0.0	0.0	0.0	0.0	0.0	0.0	0.0	0.0	0.0	0.0	0.0	0.0	0.0	0.0	0.0
K00857|temperate	0.000147869	0.0	0.0	0.0	0.001382755	0.000724162	0.000146484	0.0017028	0.0	0.0	0.0	0.000859145	0.0	0.0	0.0	0.0	0.0	0.0	0.0	0.0	0.0	0.0	0.0	0.0	0.0	0.0	0.0	0.0	0.0	0.0	0.0	0.0	0.0	0.0	0.0	0.0	0.0	0.0	0.0	0.0	0.0	0.000203057	0.001339348	0.0	0.0	0.0	0.0	0.0	0.0	0.0	0.0	0.0	0.0
K00857|virulent	0.000508488	0.000579726	0.0	0.0	0.0	0.001550319	0.0	0.0	0.0	0.000286998	0.001767615	0.000262681	0.000498457	0.0	0.000555835	0.006548626	0.000726918	0.0	0.0	0.0010376180000000001	0.0	0.001126162	0.0	0.0	0.0	0.0	0.001215333	0.0	0.0	0.001064204	0.0	0.0	0.0	0.0	0.0	0.0	0.0	0.0	0.0	0.0	0.0	0.0	0.0	0.011130877	0.0	0.0	0.0	0.0	0.0	0.0	0.0	0.0	0.0
K00860|virulent	0.0	0.0	0.0	0.0	0.0	0.0	0.0	0.0	0.0	0.0	0.0	0.0	0.0	0.0	0.0	0.000266177	0.0	0.0	0.000334944	3.03e-05	0.0	0.002315681	0.0	0.0	0.0	0.0	0.0	0.0	0.0	0.0	0.0	0.0	0.0	0.0	0.0	0.0	0.0	0.0	0.0	0.0	0.0	0.0	0.0	0.0	0.0	0.0	0.0	0.0	0.0	0.0	0.0	0.0	0.0
K00928|temperate	0.0	0.0	0.0	0.0	0.0	0.0	0.0	0.0	0.0	0.0	0.0	0.0	0.0	0.0	0.0	0.0	0.0	0.0	0.0	0.0	0.0	0.0	0.0	4.03e-05	0.0	0.001229511	0.000190597	0.0	0.0	0.0	0.0	0.0	0.0	0.0	0.0	0.0	0.0	0.0	0.0	0.0	0.001077473	0.000828573	0.008199673	0.0	0.0	0.0	0.0	0.0	0.0	0.0	0.0	0.0	0.0
K00942|temperate	0.0	0.0	0.0	0.001201281	0.0	0.0	0.0	0.0	0.0	0.0	0.0009216340000000001	0.000845887	5.03e-05	0.0	0.0	0.0	0.0	0.0	0.000117265	2.05e-05	0.000474612	0.000276571	0.000179975	0.0	0.0	0.0	0.0	0.0	0.0	0.000573215	0.0	0.0	0.0	0.0	0.0	0.0	0.0	0.0	0.0	0.000244742	0.0	0.0	0.001522467	0.0	0.0	0.0	0.0	0.002109637	0.0	0.0	0.0	0.0	0.0
K00942|virulent	0.001311171	0.0	0.0	0.0	0.0	0.0	0.0	0.0	0.0	0.0	0.002260428	0.0	0.0	0.0	0.0	0.0	0.0	0.0	0.0	0.0	0.0	0.0	0.0	0.003416719	0.0	0.0	0.0	0.0	0.0	0.0	0.0	0.0	0.0	0.0	0.0	0.0	0.0	0.0	0.0	0.0	0.0	0.0	0.0	0.0	0.0	0.0	0.0	0.0	0.0	0.0	0.0	0.0	0.0
K00943|virulent	0.00035307	0.005818291	0.0	0.0	0.0	0.0	0.0002703	0.002385923	0.000367561	0.0	0.0	0.000202758	0.003002197	0.0	0.0	0.0	0.0	0.0	0.0	0.0	0.0	0.0	0.000418108	0.000678116	0.0	0.0	0.0	0.0	0.0	0.0	0.0	0.0	0.0	0.0	0.0	0.0	0.0	0.0	0.0	0.000134965	0.0	0.0	0.0	0.0	0.0	0.0	0.0	0.0	0.0	0.0	0.0	0.0	0.0
K00945|temperate	0.0	0.0	0.0	0.0	0.0	0.0	0.0	0.0	0.0	0.0	0.0	0.0	0.0	0.0	0.006029016	0.018803133	0.0	0.0	0.000111552	0.0	0.0	9.92e-05	0.000183972	0.0	0.0	0.0	0.0	0.0	0.0	0.0	0.0	0.0	0.0	0.0	0.0	0.0	0.0	0.0	0.0	0.0	0.0	0.0	0.0	0.0	0.0	0.0	0.0	0.0	0.0	0.0	0.0	0.0	0.0
K00948|temperate	0.0	0.0	0.001461716	0.0	0.0	0.0	0.0	0.0	0.0	0.0	0.0	0.0	0.0	0.0	0.0	0.0	0.0	0.0	0.0	0.0	0.0	0.0	0.0	0.0	0.0	0.0	0.0	0.0	0.0	0.0	0.0	0.0	0.0	0.0	0.0	0.0	0.0	0.0	0.0	0.0	0.0	0.0	0.0	0.0	0.0	0.0	0.0	0.0	0.0	0.0	0.0	0.0	0.0
K00948|virulent	0.0	0.0	0.0	0.0	0.0	0.0	0.0	0.0	0.0	0.0	0.0	0.0	0.0	0.0	0.0	0.0	0.0	0.0	0.0	0.0	0.00027042	0.0	0.0	0.0	0.0	0.0	0.0	0.0	0.0	0.0	0.0	0.0	0.0	0.0	0.0	0.0	0.0	0.0	0.0	0.0	0.0	0.000563917	0.0	0.0	0.0	0.0	0.0	0.0	0.0	0.0	0.0	0.0	0.0
K00957|temperate	0.0	0.0	0.0	0.0	0.0	0.0	0.0	0.0	0.0	0.0	0.000690016	0.0	0.001309399	0.0	0.0	0.0	0.0	0.0	0.0	0.0	0.0	0.0	0.0	0.0	0.0	0.0	0.0	0.0	0.001578738	0.0	0.0	0.0	0.0	0.0	0.0	0.0	0.0	0.0	0.0	0.0	0.0	0.0	0.0	0.0	0.0	0.0	0.0	0.0	0.0	0.004597540000000001	0.0	0.0	0.000841252
K00966|virulent	0.0	0.0	0.0	0.0	0.0	0.0	0.0	0.0	0.0	0.0	0.0	0.0	0.0	0.0	0.0	0.0	0.0	0.0	0.0	0.0	0.0	0.0	0.000410506	0.000211828	0.0	0.0	0.0	0.0	0.0	0.0	0.0	0.0	0.0	0.0	0.0	0.0	0.0	0.0	0.0	0.0	0.0	0.0	0.0	0.0	0.0	0.0	0.0	0.0	0.0	0.0	0.0	0.0	0.0
K00973|virulent	0.0	0.000579726	0.0	0.0	0.0	0.0	0.0	0.0	0.0	0.0	0.0	0.0	0.0	0.0	0.000555835	0.0	0.000726918	0.0	0.0	0.000772352	0.0	0.000628953	0.0	0.0	0.0	0.0	0.0	0.0	0.0	0.0	0.0	0.0	0.0	0.0	0.0	0.0	0.0	0.0	0.0	0.0	0.0	0.0	0.0	0.000126741	0.0	0.0	0.0	0.0	0.0	0.0	0.0	0.0	0.0
K00980|virulent	0.0	0.000748471	0.0	0.0	0.0	0.000444192	0.0	0.0	0.0	0.000342117	0.0	0.0	0.0	0.0	0.0	0.0	0.0	0.0	0.0	0.0	0.0	0.0	0.0	0.000474236	0.0	0.0	0.0	0.0	0.0	0.0	0.0	0.0	0.0	0.0	0.0	0.0	0.0	0.0	0.0	0.0	0.0	0.0	0.0	0.0	0.0	0.0	0.0	0.0	0.0	0.0	0.0	0.0	0.0
K00991|temperate	0.0	0.0	0.0	0.0	0.0	0.0	0.0	0.0	0.0	0.0	0.0	0.0	0.0	0.0	0.0	0.0	0.0	0.0	0.0	8.02e-05	0.0	0.0	0.0	0.0	0.0	0.0	0.0	0.0	0.0	0.0	0.0	0.0	0.0	0.0	0.0	0.0	0.0	0.0	0.0	0.0	0.0	0.0	0.0	0.0	0.0	0.0	0.0	0.0	0.0	0.0	0.0	0.0	0.0
K01006|virulent	0.0	0.0	0.0	0.0	0.0	0.0	0.0	0.0	0.0	0.0	0.0	0.0	0.0	0.0	0.0	0.0	0.0	0.0	0.0	0.0	0.0	0.0	0.0	0.0	0.0	0.0	0.0	0.0	0.0	0.0	0.0	0.0	0.0	0.0	0.0	0.0	0.0	0.0	0.0	0.0	0.0	0.0	0.0	0.0	0.0	0.0	0.000200945	0.0	0.0	0.0	0.0	0.0	0.0
K01081|virulent	0.0	0.0	0.0	0.0	0.002862932	0.0	0.000222344	0.0	0.0	0.0	0.0	0.0	0.0	0.0	0.0	0.000163407	0.0	0.0	0.001425553	0.0	0.0	0.0	0.00011189	0.0	0.0	0.0	0.001065463	0.0	0.0	0.0	0.0	0.0	0.0	0.0	0.0	0.0	0.0	0.0	0.0	0.0	0.0	0.0	0.0	0.0	0.0	0.0	0.0	0.0	0.0	0.0	0.0	0.0	0.0
K01119|temperate	0.0	0.0	0.0	0.0	0.0	0.0	0.0	0.0	0.0	0.0	0.0	0.0	0.0	0.0	0.0	0.0	0.0	0.0	0.0	0.0	0.017841609	0.0	0.0	0.0	0.0	0.0	0.0	0.0	0.0	0.0	0.0	0.0	0.004422557	0.0	0.0	0.0	0.0	0.0	0.0	0.0	0.0	0.0	0.0	0.0	0.0	0.0	0.0	0.0	0.0	0.0	0.0	0.0	0.0
K01139|virulent	0.0	0.0	0.0	0.0	0.0	0.0	0.0	0.0	0.0	0.0	0.0	0.0	0.0	0.0	0.0	0.0	0.0	0.0	0.0	0.0	0.0	0.0	0.0	0.0	0.0	0.0	0.0	0.0	0.0	0.000189461	0.0	0.0	0.001133042	0.0	0.0	0.0	0.0	0.0	0.0	0.0	0.0	0.0	0.0	0.0	0.0	0.0	0.0	0.0	0.0	0.0	0.0	0.0	0.0
K01190|virulent	0.0	0.0	0.0	0.0	0.0	0.0	0.0	0.0	0.0	0.0	0.0	0.0	0.0	0.0	0.0	0.0	0.0	0.0	0.0	0.0	0.0	0.0	0.0	0.0	0.0	0.0	0.0	0.0	0.0	0.0	0.0	0.0	0.0	0.0	0.0	0.0	0.0	0.0	0.0	0.0	0.0	0.0	0.0	0.00036854	0.0	0.0	0.0	0.0	0.0	0.0	0.0	0.0	0.0
K01208|temperate	0.0	0.0	0.0	0.0	0.0	0.0	0.0	0.0	0.0	0.010795971	0.0	7.78e-05	0.0	0.0	0.0	0.0	0.0	0.0	0.0	0.0	0.0	0.0	0.0	0.0	0.0	0.000636853	0.0	0.0	0.0	0.0	0.0	0.0	0.0	0.0	0.0	0.013922436	0.0	0.0	0.0	0.0	0.0	0.0	0.0	0.00074469	0.0	0.0	0.0	0.0	0.0	0.0	0.0	0.0	0.0
K01208|virulent	0.0	0.0	0.0	0.0	0.0	0.0	0.0	0.0	0.0	0.0	0.0	0.000490343	0.000195927	0.0	0.0	5.62e-05	0.000299924	0.0	0.0	0.0	0.0	0.0	0.0	0.0	0.0	0.003403386	0.0	0.0	0.0	0.0	0.0	0.0	0.0	0.0	0.0	0.0	0.0	0.0	0.0	0.0	0.0	0.0	0.0	0.0	0.0	0.0	0.0	0.0	0.0	0.0	0.0	0.0	0.0
K01243|temperate	0.0	0.0	0.0	0.0	0.0	0.0	0.0	0.0	0.0	0.0	0.0	0.0	0.0	0.0	0.013134096	0.05363929	0.0	0.0	0.000275272	0.0	0.0	0.00024309	0.000530418	0.0	0.0	0.0	0.0	0.0	0.0	0.0	0.0	0.0	0.0	0.0	0.0	0.0	0.0	0.0	0.0	0.0	0.0	0.0	0.0	0.0	0.0	0.0	0.0	0.0	0.0	0.0	0.0	0.0	0.0
K01487|virulent	0.0	0.002217667	0.0	0.0	0.0	0.0	0.0	0.0	0.0	0.000363036	0.0	6.85e-05	0.0	0.0	0.0	0.003638965	0.0	0.0	0.000697311	0.000165925	0.0	0.000155513	0.005877965000000001	0.004692528	0.0	6.08e-05	0.012660171999999999	0.000170983	0.0	9.17e-05	0.0	0.004337961	0.0	0.0	0.0	0.0	0.0	0.0	0.0	0.0	0.0	0.0	0.0	0.0	0.0	0.0	0.0	0.0	0.0	0.0	0.0	0.0	0.0
K01491|temperate	7.65e-05	0.0	0.0	0.0	0.0	0.004218156	0.0	0.0	0.0	0.056955565	0.000511825	0.0	0.000303991	0.0	0.004940895	0.002864993	0.036388854	0.0	0.001290617	2.3899999999999998e-05	0.0	0.000783941	0.000344778	0.0	0.0	0.004034751	0.009267412	0.019966858	0.0	0.0	0.0	0.0	0.0	0.0	0.0	0.0	0.0	0.0	0.0	0.0	0.0	0.0	0.0	0.0	0.0	0.0	0.0	0.0	0.0	0.0	0.01909251	0.0	0.0
K01491|virulent	0.009509832999999999	0.123978994	0.0	0.0	0.0	0.000230244	0.0	0.007631605	0.0	9.3e-05	0.00311975	0.0	0.001035551	0.0	0.00719827	0.011105874	0.000675112	0.0	0.095565335	0.0001355	0.0	0.005522233	0.04463073	0.016751846	0.0	0.001571566	0.0	0.0	0.0	0.000112637	0.0	0.0	0.0	0.0	0.0	0.0	0.0	0.001066775	0.0	0.0	0.0	0.0	0.0	0.0	0.0	0.0	0.0	0.0	0.0	0.0	0.0	0.0	0.0
K01493|temperate	0.0	0.0	0.0	0.0	0.003124562	0.000910867	0.002057054	0.003266194	0.006625985	0.0	0.0	0.0	0.00015835	0.0	0.0	0.000372857	0.0	0.0	0.001406776	0.000264098	0.0	0.00031201	0.000416558	0.001446205	0.0	0.000521946	0.004489708	0.0	0.0	0.000282718	0.0	0.0	0.0	0.0	0.0	0.0	0.0	0.0	0.0	0.0	0.0	0.0	0.0	0.0	0.0	0.0	0.0	0.0	0.0	0.0	0.0	0.0	0.0
K01493|virulent	0.0028934	0.02199763	0.00355269	0.0	0.002873452	0.023922946	0.000471753	0.00129061	0.034455467999999996	0.00301149	0.0	0.001586596	0.018579667	0.0	0.010934332	0.004869707	0.000282035	0.0	0.0009350890000000001	0.002319867	0.000156388	0.002643027	0.005798029	0.00034548200000000004	0.0	0.001382641	0.001998406	0.0	0.0	0.000444719	0.0	0.001538643	0.000195463	0.0	0.0	0.0	0.0	0.001251826	0.009558577	0.0028662690000000003	0.000357749	0.001156207	0.0	0.0	0.176688134	0.0	0.000863361	0.0	0.0	0.0	0.010417999	0.0	0.0
K01494|temperate	0.0	0.0	0.0	0.011830686	0.0	0.005795771999999999	0.0	0.0	0.006495272	0.005989076	0.011891872000000001	0.00102949	0.0	0.0	0.003381402	0.00073764	0.001577096	0.0	0.000404286	0.004357387000000001	0.0	0.001432054	0.004652316	0.0031355059999999997	0.0	0.0001356	0.000568714	0.000876315	0.0	0.002054612	0.0	0.0	0.0	0.0	0.0	0.0	0.0	0.0	0.0	0.0	0.0	0.0001916	0.0	0.0	0.0	0.0	0.0	0.0	0.0	0.0	0.0	0.0	0.0
K01494|virulent	0.0055731140000000005	0.060276236999999996	0.0	0.001996138	0.013344304999999999	0.003670436	0.101435254	0.007534792	0.000735122	0.08805474	0.007837532	0.001267939	0.010747827	0.0	0.0034794550000000002	0.001980338	0.059364949	0.0	0.0027026479999999998	0.0055880439999999995	0.0	0.005441681	0.001759315	0.000541678	0.0	0.000613046	0.049765130000000005	0.0	0.0	0.001735539	0.0	0.0	0.000930873	0.0	0.0	0.0	0.0	0.0	0.0	0.00136848	0.0	0.0	0.0	0.0	0.003235878	0.000222272	0.0	0.0	0.0	0.0	0.0	0.0	0.0
K01495|temperate	0.0	0.0	0.0	0.0	0.0	0.0	0.0	0.0	0.0	0.0	0.0	0.0	0.0	0.0	0.0	0.0	0.0	0.0	0.0	2.38e-05	0.0	0.0	0.002536137	0.0	0.0	0.0	0.0	0.0	0.0	0.0	0.0	0.0	0.0	0.0	0.0	0.0	0.0	0.0	0.0	0.0	0.0	0.0	0.0	0.0	0.0	0.0	0.0	0.0	0.0	0.0	0.0	0.0	0.0
K01495|virulent	0.000302142	0.0031042319999999997	0.008328361	0.0	0.002477228	0.000143876	0.003779184	0.007169706	0.005534216	0.000808192	0.000661313	0.009559583	0.009700343	0.002196904	0.0	0.007548354	0.0	0.0	0.004823279	0.0001859	0.039940194	0.000155513	0.005876701000000001	0.003149605	0.0	7.77e-05	0.000112997	0.107218069	0.000977547	0.0010080760000000001	0.002179378	0.0046939189999999995	0.000278094	0.0	0.0	0.0	0.00400726	0.004497373	0.013309489	0.000735575	0.0	0.0	0.0	0.0007481079999999999	0.134495958	0.0	0.0	0.0	0.009364527	0.027453719999999997	0.0	0.0	0.0
K01520|temperate	0.090678082	0.00123592	0.002585849	0.008397670999999999	0.017280161	0.023835995999999998	0.014311237	0.061528301	0.0065555679999999995	0.015236999	0.038209161	0.004744814	0.017580177	0.001578038	0.038713665	0.053344659999999995	0.262438157	0.0	0.019754436	0.006610374	0.024037922	0.012752549	0.029206104	0.092886901	0.0	0.171088702	0.063039546	0.042250787	0.0	0.003776322	0.038662833	0.011836814	0.010788625000000001	0.003690639	0.0	0.0	0.007821204	0.0010346	0.039552554	0.007297864	0.083716472	0.020739659	0.005680642	0.00392543	0.002122451	9.58e-05	0.00325976	0.015754775	0.0	0.028477478	0.0	0.011150012	0.000771588
K01520|virulent	0.137187365	0.8768091410000001	0.12081662	0.026031114	0.636020624	0.115490232	0.026984776	0.192140365	0.178722429	0.274390268	0.080546029	0.029351758	0.081010639	0.035765523	0.121483283	0.12024710599999999	0.047112519	0.007197685	0.218223582	0.030506993	0.17533993	0.067239782	0.24606381300000002	0.137791535	0.008196835999999999	0.199731237	0.147676252	0.02408165	0.038771998	0.022924175	0.130117348	0.205202088	0.10528915	0.021507525	0.17460830400000002	0.001071905	0.023221192999999998	0.006925116	0.10514689299999999	0.11820865900000001	0.001737049	0.245555883	0.056191911000000004	0.093781772	0.094815071	0.001822333	0.035083587	0.190016616	0.043574028	0.068752511	0.101037371	0.021593812	0.001672041
K01571|virulent	0.0	0.0	0.0	0.0	0.0	0.0	0.0	0.0	0.0	0.0	0.0	0.0	0.0	0.0	0.0	0.0	0.0	0.0	0.0	0.0	0.0	0.0	0.0	0.0	0.0	0.0	0.007111862	0.0	0.0	0.0	0.0	0.0	0.0	0.0	0.0	0.0	0.0	0.0	0.0	0.0	0.0	0.0	0.0	0.0	0.0	0.0	0.0	0.0	0.0	0.0	0.0	0.0	0.0
K01611|virulent	0.0	0.0	0.0	0.0	0.0	0.0	0.0	0.0	0.000291967	0.0	0.0024081140000000003	0.00043752799999999996	0.000404854	0.0	0.0	0.0	0.0	0.0	0.0	0.0	0.0	0.0	0.0	0.0	0.0	0.0	0.001500898	0.0	0.0	0.0	0.0	0.0	0.0	0.0	0.0	0.0	0.0	0.0	0.0	0.0	0.0	0.0	0.0	0.0	0.0	0.0	0.0	0.0	0.0	0.0	0.0	0.0	0.0
K01619|virulent	0.0	0.0	0.0	0.0	0.0	0.0	0.0	0.0	0.0	0.0	0.0	0.0	0.0	0.0	0.0	0.0	0.0	0.0	0.0	0.0	0.0	0.0	0.000647122	0.0	0.0	0.0	0.000404326	0.003353642	0.0	0.0	0.0	0.0	0.0	0.0	0.0	0.0	0.0	0.0	0.0	0.0	0.0	0.0	0.0	0.0	0.0	0.0	0.0	0.0	0.0	0.0	0.0	0.0	0.0
K01626|virulent	0.0	0.0	0.0	0.0	0.0	0.0	0.0	0.0	0.0	0.0	0.0	0.0	0.0	0.0	0.0	0.018629818	0.0	0.0	0.0	0.000230614	0.0	0.000871718	0.0	0.0	0.0	0.0	0.0	0.0	0.0	0.000574054	0.0	0.0	0.0	0.0	0.0	0.0	0.0	0.0	0.0	0.0	0.0	0.0	0.0	0.001838684	0.0	0.0	0.0	0.0	0.0	0.0	0.0	0.0	0.0
K01649|temperate	0.0	0.0	0.0	0.001484342	0.0	0.0	0.0	0.0	0.0	0.0	0.0	0.0	0.0	0.0	0.0	0.0	0.0	0.0	0.0	0.0	0.0	0.0	0.0	0.0	0.0	0.0	0.0	0.0	0.0	0.0	0.0	0.0	0.0	0.0	0.0	0.0	0.0	0.0	0.0	0.0	0.0	0.0	0.0	0.0	0.0	0.0	0.0	0.0	0.0	0.0	0.0	0.0	0.0
K01710|virulent	0.0	0.000579726	0.0	0.0	0.0	0.0	0.0	0.0	0.0	0.0	0.0	0.0	0.0	0.0	0.000555835	0.0	0.000726918	0.0	0.0	0.000772352	0.0	0.000628953	0.0	0.0	0.0	0.0	0.0	0.0	0.0	0.0	0.0	0.0	0.0	0.0	0.0	0.0	0.0	0.0	0.0	0.0	0.0	0.0	0.0	0.000126741	0.0	0.0	0.0	0.0	0.0	0.0	0.0	0.0	0.0
K01734|virulent	0.000736927	0.0	0.0	0.0	0.008404708	0.000220135	0.0	0.0	0.0	0.001171891	0.0	0.0	0.0	0.0	0.0	0.0	0.0	0.0	0.0	0.0	0.00255321	0.0	0.0	0.0	0.0	0.000392897	0.0	0.0	0.0	0.0	0.0	0.0	0.0	0.0	0.0	0.0	0.0	0.0	0.0	0.0	0.0	0.0	0.0	0.0	0.0	0.0	0.0	0.0	0.0	0.0020943	0.0	0.0	0.0
K01737|virulent	0.000302142	0.002217667	0.006446366	0.0	0.001616723	0.000143876	0.003779184	0.007169706	0.034465619999999995	0.000466075	0.000661313	0.008403685	0.004696722	0.0	0.0	0.007548354	0.0	0.007197685	0.000697311	0.00013529999999999998	0.0	0.000155513	0.004577903	0.003149605	0.0	7.77e-05	0.000517323	0.000987558	0.025092131	0.000754118	0.000730717	0.0	0.0	0.001556727	0.0	0.002425117	0.0	0.0	0.013309489	0.000220939	0.0	0.0	0.0	0.0	0.0	0.0	0.0	0.0	0.0	0.00381558	0.0	0.0	0.001672041
K01738|virulent	0.000468262	0.0	0.0	0.002023894	0.0	0.002726406	0.000136	0.0	0.0	0.0	0.0	0.00028028	0.0	0.0	0.0	0.0	0.0	0.0	0.0	0.0	0.0	0.0	0.0	0.0	0.0	0.0	0.0	0.0	0.0	0.0	0.0	0.0	0.0	0.0	0.0	0.0	0.0	0.0	0.0	0.0	0.0	0.000320486	0.000291012	0.0	0.0	0.0	0.0	0.0	0.0	0.0	0.0	0.0	0.0
K01740|temperate	0.0	0.0	0.003232522	0.0	0.0	0.0	0.0	0.0	0.0	0.0	0.0	0.0	5.69e-05	0.0	0.0	0.0	0.0	0.0	0.0	0.0	0.0	0.0	0.0	0.0	0.0	0.0	0.0	0.0	0.0	0.0	0.0	0.0	0.0	0.0	0.0	0.0	0.0	0.0	0.0	0.0	0.0	0.0	0.0	0.0	0.0	0.0	0.0	0.0	0.0	0.0	0.0	0.0	0.0
K01768|temperate	0.0	0.0	0.0	0.0	0.0	0.0	0.0	0.0	0.0	0.0	0.0	0.0	0.0	0.0	0.0	0.0	0.0	0.0	0.000175963	1.24e-05	0.0	0.000209153	0.000465616	0.0	0.0	0.0	0.0	0.0	0.0	0.0	0.0	0.0	0.0	0.0	0.0	0.0	0.0	0.0	0.0	0.0	0.0	0.0	0.0	0.0	0.0	0.0	0.0	0.0	0.0	0.0	0.0	0.0	0.0
K01768|virulent	0.0	0.0	0.0	0.0	0.0	0.0	0.0	0.0	0.0	0.0	0.0	0.0	0.0	0.0	0.0	0.0	0.0	0.0	0.0	0.0	0.0	0.0	0.0	0.0	0.0	0.0	0.0	0.0	0.0	0.0	0.0	0.0	0.0	0.0	0.0	0.0	0.0	0.0	0.0	0.0	0.0	0.0	0.0	0.0	0.0	0.0	0.0	0.0022276	0.0	0.0	0.0	0.0	0.0
K01784|virulent	0.0	0.0	0.0	0.0	0.003484708	0.0	0.000187983	0.0	0.0	0.0	0.0	0.0	0.0	0.0	0.0	0.000161715	0.0	0.0	0.00150359	0.0	0.0	0.0	0.000291653	0.000105914	0.0	0.0	0.000856746	0.0	0.0	0.0	0.0	0.0	0.0	0.0	0.0	0.0	0.0	0.0	0.0	0.0	0.0	0.0	0.0	0.0	0.0	0.0	0.0	0.0	0.0	0.0	0.0	0.0	0.0
K01790|virulent	0.0	0.000579726	0.0	0.0	0.0	0.0	0.0	0.0	0.0	0.0	0.0	0.0	0.0	0.0	0.000555835	0.0	0.000726918	0.0	0.0	0.000817052	0.0	0.000628953	0.0	0.0	0.0	0.0	0.0	0.0	0.0	0.0	0.0	0.0	0.0	0.0	0.0	0.0	0.0	0.0	0.0	0.0	0.0	0.0	0.0	0.0	0.0	0.0	0.0	0.0	0.0	0.0	0.0	0.0	0.0
K01840|temperate	0.0	0.0	0.0	0.0	0.0	0.0	0.0	0.0	0.0	0.000247879	0.0	0.0	0.0	0.0	0.0	0.0	0.0	0.0	0.0	0.0	0.0	0.0	0.0	0.0	0.0	0.0	0.0	0.0	0.0	0.0	0.0	0.0	0.0	0.0	0.0	0.0	0.0	0.0	0.0	0.0	0.0	0.0	0.0	0.0	0.0	0.0	0.0	0.0	0.0	0.0	0.0	0.0	0.0
K01854|virulent	0.0	0.000719611	0.0	0.0	0.0	0.0	0.0	0.0	0.0	0.0	0.0	0.0	0.0	0.0	0.0	0.0	0.0	0.0	0.0	0.000190268	0.0	0.0	0.0	0.000474236	0.0	0.0	0.0	0.0	0.0	0.0	0.0	0.0	0.0	0.0	0.0	0.0	0.0	0.0	0.0	0.0	0.0	0.0	0.0	0.0	0.0	0.0	0.0	0.0	0.0	0.0	0.0	0.0	0.0
K01916|temperate	0.00355838	0.0	0.000358887	0.0	0.0	0.001533081	0.000582138	0.0	0.0	0.001307581	0.013737196	0.004642214	7.22e-05	0.0	0.001349058	0.000389397	0.016125348	0.0	0.000816757	0.0008141029999999999	0.0	0.000393722	0.000583669	0.000802067	0.0	0.0	0.0	0.0	0.0	0.0	0.012067946	0.0	0.000217224	0.0	0.0	0.0	0.0	0.0	0.0	0.000146042	0.002350564	0.000151165	0.0028342560000000003	0.0	0.0	0.0	0.0	0.0	0.0	0.009411890000000001	0.0	0.0	0.000771588
K01916|virulent	0.010318667	0.123978994	0.005280822	0.0	0.001813103	0.00038878400000000004	0.0	0.007631605	0.00033379	0.000577539	0.003574307	0.001589328	0.0011051429999999998	0.0	0.003916913	0.043562857	0.000173129	0.0	0.096935244	0.000259569	0.000317797	0.007073294999999999	0.056442837	0.018409378	0.0	0.001571566	0.001101456	0.0	0.0	0.000112637	0.0	0.0	0.0	0.0	0.0	0.0	0.0	0.002969059	0.019979072	0.0	0.0	0.0	0.000466094	0.001868367	0.005730923	0.0	0.0	0.0	0.0	0.0	0.004721619	0.0	0.0
K01933|temperate	0.0	0.0	0.0	0.001462588	0.0	0.0	0.0	0.0	0.0	0.001047252	0.0	0.0	0.0	0.0	0.0	0.0	0.0	0.0	0.0	0.0	0.0	0.0	0.0	4.27e-05	0.0	0.0	0.0	0.0	0.0	0.0	0.0	0.0	0.0	0.0	0.0	0.0	0.0	0.0	0.0	4.35e-05	0.0	0.0	0.0	0.0	0.0	0.0	0.0	0.0	0.0	0.0	0.0	0.0	0.0
K01937|virulent	0.0	0.0	0.0	0.0	0.0	0.0	0.0	0.0	0.0	0.0	0.0	0.0	0.0	0.0	0.0	0.0	0.0	0.0	0.0	0.0	0.0	0.0	0.0	0.000345062	0.0	0.0	0.0	0.0	0.0	0.0	0.0	0.0	0.0	0.0	0.0	0.0	0.0	0.0	0.0	0.0	0.0	0.0	0.0	0.0	0.0	0.0	0.0	0.0	0.0	0.0	0.0	0.0	0.0
K01939|temperate	0.0	0.0	0.0	0.005915343	0.006422154	0.0	0.0	0.0	0.0	0.0	0.0	0.0	0.0	0.0	0.0	0.0	0.0	0.0	0.005354621	0.0	0.0	0.000619894	0.004414046	0.0	0.0	0.0	0.0	0.018422925	0.0	0.0	0.0	0.011836814	0.0	0.0	0.0	0.0	0.0	0.0	0.0	0.0	0.000180213	0.0	0.000679596	0.0	0.003466986	0.0	0.0	0.0	0.0	0.0	0.0	0.0	0.0
K01939|virulent	0.003477974	0.00061863	0.001246065	0.001405091	0.002774106	0.0	0.000332226	0.00099518	0.0	0.007298196	0.0	0.000127424	0.0	0.0033047370000000003	0.0067764999999999995	0.011844160999999999	0.0	0.0	0.000247159	1.96e-05	0.000807341	0.000588479	0.012939662	0.000132687	0.0	0.013778822999999999	0.009870358	0.0	0.0	0.0	0.001349814	0.0	0.0020578849999999997	0.0	0.0	0.0	0.0	0.0	0.001760904	0.007977449000000001	0.0	0.0	0.012890623	0.002310826	0.0	0.000165649	0.0	0.0	0.0	0.0	0.0	0.004951973	0.0
K01966|temperate	0.0	0.0	0.0	0.0	0.0	0.0	0.0	0.0	0.0	0.0	0.0	0.0	0.0	0.0	0.0	0.0	0.0	0.0	0.000401902	0.0	0.0	0.0	0.0	0.0	0.0	0.0	0.0	0.0	0.0	0.0	0.0	0.0	0.0	0.0	0.0	0.0	0.0	0.0	0.0	0.0	0.0	0.0	0.0	0.0	0.0	0.0	0.0	0.0	0.0	0.0	0.0	0.0	0.0
K01966|virulent	0.0	0.0	0.0	0.0	0.0	0.0	0.0	0.0	0.0	0.000334461	0.0	0.0	0.0	0.0	0.0	0.0	0.0	0.0	0.0	0.0	0.0	0.0	0.0	0.0	0.0	0.0	0.0	0.0	0.0	0.0	0.0	0.0	0.0	0.0	0.0	0.0	0.0	0.0	0.0	0.0	0.0	0.0	0.0	0.0	0.0	0.0	0.0	0.0	0.0	0.0	0.0	0.0	0.0
K01992|temperate	0.0	0.0	0.0	0.0	0.0	0.0	0.0	0.0	0.0	0.0	0.0	0.0	0.0	0.0	0.0	0.0	0.0	0.0	0.0	2.38e-05	0.0	0.0	0.002536137	0.0	0.0	0.0	0.0	0.0	0.0	0.0	0.0	0.0	0.0	0.0	0.0	0.0	0.0	0.0	0.0	0.0	0.0	0.0	0.0	0.0	0.0	0.0	0.0	0.0	0.0	0.0	0.0	0.0	0.0
K01992|virulent	0.0	0.0	0.0	0.0	0.0	0.0	0.0	0.0	0.0	0.0	0.0	0.0	0.0	0.0	0.0	0.0	0.0	0.0	0.0	0.0	0.0	0.0	0.0	0.0	0.0	0.0	0.0	0.0	0.0	0.0	0.0	0.0	0.0	0.0	0.0	0.0	0.0	0.0	0.0	0.0	0.0	0.0	0.0	0.0	0.0	0.0	0.0	0.0	0.0	0.003144875	0.0	0.0	0.0
K02013|virulent	0.0	0.0	0.000494511	0.0	0.0	0.0	0.0	0.0	0.0	0.0	0.0	7.86e-05	0.020526981	0.0	0.0	0.0	0.0	0.0	0.0	0.0	0.0	0.0	0.0	0.0	0.0	0.0	0.0	0.0	0.0	0.0	0.0	0.0	0.0	0.0	0.0	0.0	0.0	0.0	0.0	0.0	0.0	0.0	0.0	0.0	0.0	0.0	0.0	0.0	0.0	0.0	0.0	0.0	0.0
K02050|temperate	0.0	0.0	0.0	0.0	0.0	0.0	0.0	0.0	0.0	0.0	0.0	0.0	0.0	0.0	0.001349058	0.000389397	0.016125348	0.0	0.000245519	1.01e-05	0.0	0.00025055600000000003	0.000344778	0.0	0.0	0.0	0.0	0.0	0.0	0.0	0.014526941	0.0	0.0	0.0	0.0	0.0	0.0	0.0	0.0	0.0	0.0	0.0	0.0	0.0	0.0	0.0	0.0	0.0	0.0	0.0	0.0	0.0	0.0
K02050|virulent	0.000176535	0.0	0.0	0.0	0.0	0.0	9.3e-05	0.0	0.0	0.0	0.0	0.000209022	0.0	0.0	0.001175249	5.23e-05	0.0	0.0	0.0	0.0	0.000486138	0.00045847	0.00027474	0.000339058	0.0	0.0	0.0	0.0	0.0	0.0	0.0	0.0	0.0	0.0	0.003579097	0.0	0.0	0.0	0.0	0.0	0.0	0.0	0.0	0.0	0.0	0.0	0.0	0.0	0.0	0.0	0.0	0.0	0.0
K02078|virulent	0.0	0.0	0.0	0.0	0.000408481	0.0	0.0	0.0	0.0	0.0	0.0	0.0	0.0	0.0	0.0	0.0	0.0	0.0	0.000919574	0.0	0.0	0.001238451	0.0	0.0	0.0	0.0	0.0	0.0	0.0	0.0	0.0	0.0	0.0	0.0	0.0	0.0	0.0	0.0	0.0	0.0	0.0	0.0	0.0	0.0	0.0	0.0	0.0	0.0	0.0	0.0	0.0	0.0	0.0
K02145|temperate	0.0	0.0	0.0	0.0	0.0	0.0	0.0	0.0	0.0	0.0	0.0	0.0	0.0	0.0	0.0	0.0	0.0	0.0	0.0	0.0	0.0	0.000253739	0.0	0.0	0.0	0.0	0.0	0.0	0.0	0.0	0.0	0.0	0.0	0.0	0.0	0.0	0.0	0.0	0.0	0.0	0.0	0.0	0.0	0.0	0.0	0.0	0.0	0.0	0.0	0.0	0.0	0.0	0.0
K02188|virulent	0.000113594	0.0	0.0	0.0	0.003191304	0.001885063	0.00620055	0.0	0.0	0.0	0.0	0.0	0.0	0.0	0.0	0.0	0.0	0.0	0.0	0.0	0.0	0.0	0.0	0.0	0.0	0.0	0.0	0.0	0.0	0.0	0.0	0.0	0.0	0.0	0.0	0.0	0.0	0.0	0.0	0.0	0.0	0.0	0.0	0.0	0.0	0.0	0.0	0.0	0.0	0.0	0.0	0.0	0.0
K02406|virulent	0.000659138	0.0	0.0	0.0	0.0	0.00050962	0.0	0.0	0.0	0.0	0.0	0.0	0.0	0.0	0.0	0.0	0.0	0.0	0.0	0.0	0.0	0.0	0.0	0.0	0.0	0.0	0.000214938	0.0	0.0	0.0	0.0	0.0	0.0	0.0	0.0	0.0	0.0	0.0	0.0	0.0	0.0	0.0	0.0	0.0	0.0	0.0	0.0	0.0	0.0	0.0	0.0	0.0	0.0
K02407|virulent	0.000659138	0.0	0.0	0.0	0.0	0.00050962	0.0	0.0	0.0	0.0	0.0	0.0	0.0	0.0	0.0	0.0	0.0	0.0	0.0	0.0	0.0	0.0	0.0	0.0	0.0	0.0	0.000214938	0.0	0.0	0.0	0.0	0.0	0.0	0.0	0.0	0.0	0.0	0.0	0.0	0.0	0.0	0.0	0.0	0.0	0.0	0.0	0.0	0.0	0.0	0.0	0.0	0.0	0.0
K02626|temperate	0.0	0.0	0.0	0.0	0.0	0.0	0.0	0.0	0.0	0.0	0.0	0.0	0.0	0.0	0.0	0.0	0.0	0.0	0.0	0.0	0.0	0.0	0.000801393	0.0	0.0	0.0	0.0	0.0	0.0	0.0	0.0	0.0	0.0	0.0	0.0	0.0	0.0	0.0	0.0	0.0	0.0	0.0	0.0	0.0	0.0	0.0	0.0	0.0	0.0	0.0	0.0	0.0	0.0
K02911|temperate	0.02416076	0.0	0.0	0.0	0.0	0.0	0.0	0.012020923	0.0	0.0	0.0	0.0	0.0	0.0	0.0	0.0	0.0	0.0	0.0	0.0	0.0	0.0	0.000265886	0.0	0.0	0.0	0.0	0.0	0.0	0.0	0.0	0.0	0.0	0.0	0.0	0.0	0.0	0.0	0.0	0.0	0.0	0.0	0.0	0.0	0.0	0.0	0.0	0.0	0.0	0.0	0.0	0.0	0.0
K02935|temperate	0.0	0.0	0.0	0.0	0.0	0.0	0.0	0.0	0.0	0.0	0.0	0.0	0.0	0.0	0.0	0.0	0.0	0.0	0.000158046	0.0	0.0	0.0	0.0	0.000183153	0.0	0.0	0.0	0.000532354	0.0	0.0	0.0	0.0	0.0	0.0	0.0	0.0	0.0	0.0	0.0	0.0	0.0	0.0	0.0	9.55e-05	0.0	0.0	0.0	0.0	0.0	0.0	0.0	0.0	0.0
K02935|virulent	0.0011408619999999999	0.0	0.0	0.0	0.0	0.0	0.0	0.0	0.0	0.000109379	0.0	0.0	0.0	0.000437447	0.001249791	0.0	0.048285778	0.0	0.0	0.000458354	0.0	0.001254872	0.000236272	0.0	0.0	0.0	0.0014966860000000001	0.0	0.0	0.0	0.001742663	0.0	0.001457802	0.0	0.0	0.0	0.0	0.0	0.0	0.0	0.0	0.0	0.0	0.0	0.0	0.0	0.0	0.0	0.0	0.0	0.0	0.0	0.0
K02970|temperate	0.0	0.0	0.0	0.0	0.0	0.0	0.0	0.0	0.0	0.0	0.003049125	0.0	0.000843638	0.0	0.0	0.0	0.0	0.0	0.0	0.0	0.0	0.0	0.0	0.0	0.0	0.0	0.0	0.0	0.0	0.0	0.0	0.0	0.0	0.0	0.0	0.0	0.0	0.0	0.0	0.0	0.0	0.0	0.0	0.0	0.0	0.0	0.0	0.0	0.0	0.0	0.0	0.0	0.0
K02970|virulent	0.0	0.0	0.0	0.0	0.0	0.0	0.0	0.0	0.0	0.0	0.0	0.0	0.0	0.0	0.0	0.0	0.0	0.0	0.0	0.0	0.0	0.0	0.0	0.0	0.0	0.0	0.0	0.0	0.0	0.0	0.0	0.0	0.002132481	0.0	0.0	0.0	0.0	0.012200272	0.0	0.0	0.0	0.0	0.0	0.0	0.0	0.0	0.0	0.0	0.0	0.0	0.0	0.0	0.0
K03271|virulent	0.0	0.0	0.0	0.0	0.0	0.0	0.0	0.0	0.0	0.0	0.0	0.0	0.0	0.0	0.0	0.0	0.0	0.0	0.0	0.0	0.0	0.0	0.000205253	0.000105914	0.0	0.0	0.0	0.0	0.0	0.0	0.0	0.0	0.0	0.0	0.0	0.0	0.0	0.0	0.0	0.0	0.0	0.0	0.0	0.0	0.0	0.0	0.0	0.0	0.0	0.0	0.0	0.0	0.0
K03273|virulent	0.0	0.0	0.0	0.0	0.0	0.0	0.0	0.0	0.0	0.0	0.0	0.0	0.0	0.0	0.0	0.0	0.0	0.0	0.0	0.0	0.0	0.0	0.000205253	0.000105914	0.0	0.0	0.0	0.0	0.0	0.0	0.0	0.0	0.0	0.0	0.0	0.0	0.0	0.0	0.0	0.0	0.0	0.0	0.0	0.0	0.0	0.0	0.0	0.0	0.0	0.0	0.0	0.0	0.0
K03462|temperate	0.00355838	0.0	0.001820603	0.0	0.0	0.003377991	0.000582138	0.0	0.0	0.005450313	0.013737196	0.004642214	0.000178251	0.0	0.00167322	0.0007078939999999999	0.018803785000000003	0.0	0.000867148	0.0007092	0.000250641	0.000393722	0.0019523259999999999	0.000802067	0.0	0.0	0.000190425	0.0	0.0	0.0	0.0	0.0	0.000217224	0.0	0.0	0.0	0.0	0.0	0.0	0.000146042	0.002350564	0.000151165	0.001757392	0.0	0.0	0.0	0.0	0.0	0.0	0.002850968	0.0	0.0	0.000771588
K03462|virulent	0.002507749	0.0	0.001402546	0.0	0.0033806139999999997	0.002986324	0.000141976	0.0	0.0	0.034605016	0.003666139	0.000682364	0.0	0.0	0.018227302	0.001144972	0.0	0.0	0.000531118	0.000342239	0.000332598	0.000145492	0.0011808930000000001	0.002088698	0.0	0.000277295	9e-05	0.0	0.0	0.000497103	0.0	0.0	0.013925526	0.0	0.0	0.0	0.001274032	0.014102556	0.0	0.0	0.0	0.000491067	0.000466094	0.004153527	0.005730923	4.19e-05	0.034220226	0.031580349	0.02132451	0.002963897	0.0	0.0	0.0
K03465|temperate	0.000280063	0.000372097	0.002523361	0.010915634	0.000367694	0.002722985	0.0	0.0	0.002242465	0.006245926	0.005779754	0.010770351000000001	0.006697871	0.006001065	0.002266736	0.003657221	0.017978148	0.0	0.00017300600000000002	0.001299511	0.000175539	0.001245078	0.0014885979999999998	0.0012604439999999999	0.005644767	0.0	0.000365643	0.0	0.0	0.000526367	0.0	0.000684921	0.002818888	0.0	0.0	0.002996001	0.017891952	0.00211694	0.0	0.033025966000000004	0.00293641	0.049572148999999996	0.0013804099999999999	0.00043520600000000005	0.001527633	0.0	0.0	0.001850896	0.0	0.004431771	0.0	0.010381896	0.003714358
K03465|virulent	0.070777253	0.386213313	0.00314268	0.013017813	0.583247838	0.02430276	0.027298122	0.073470851	0.09027907399999999	0.192756291	0.032351459	0.023056708999999998	0.032131186	0.017995761	0.012822043	0.063751107	0.000173129	0.046973350999999997	0.097186452	0.000510851	0.001007096	0.010454781	0.062422309	0.027528598	0.002641635	0.032885545	0.025109463	0.0012828400000000002	0.08851835899999999	0.0018621240000000002	0.001349814	0.000607746	0.00554261	0.201965633	0.003579097	0.0	0.00181507	0.013851456	0.024718161	0.22924147	0.0	0.08311961600000001	0.017640561	0.037359896	0.176688134	0.0	0.0	0.006123427	0.0	0.005285256	0.0	0.278956712	0.17068045799999998
K03743|virulent	0.0	0.0	0.0	0.0	0.0	0.0	0.0	0.0	0.0	0.0	0.0	0.0	0.0	0.0	0.0	0.0	0.0	0.0	0.000778435	3.83e-05	0.0	0.0	0.000797369	0.0	0.0	0.0	0.0	0.0	0.0	0.0	0.0	0.0	0.0	0.0	0.0	0.0	0.0	0.0	0.0	0.0	0.0	0.0	0.0	0.0	0.0	0.0	0.0	0.0	0.0	0.0	0.0	0.0	0.0
K03785|temperate	0.04832152	0.0	0.0	0.0	0.0	0.0	0.0	0.024041846	0.0	0.0	0.0	0.0	0.0	0.0	0.0	0.0	0.0	0.0	0.0	0.0	0.0	0.0	0.000531772	0.0	0.0	0.0	0.0	0.0	0.0	0.0	0.0	0.0	0.0	0.0	0.0	0.0	0.0	0.0	0.0	0.0	0.0	0.0	0.0	0.0	0.0	0.0	0.0	0.0	0.0	0.0	0.0	0.0	0.0
K04069|temperate	0.0	0.0	0.0	0.0	0.0	0.0	0.0	0.0	0.0	0.0	0.0	0.0	0.0	0.0	0.0	0.0	0.0	0.0	0.0	0.0	0.0	0.0	0.0	0.0	0.0	0.0	0.0	0.0	0.0	0.000368374	0.0	0.0	0.0	0.0	0.0	0.0	0.0	0.0	0.0	0.0	0.0	0.0	0.0	0.0	0.0	0.0	0.0	0.0	0.0	0.0	0.0	0.0	0.0
K04487|temperate	0.0	0.0	0.0	0.0	0.0	0.0	0.0	0.0	0.0	0.0	0.0	0.00013861	0.00038398699999999997	0.0	0.0	0.0	0.0	0.0	0.0	9.32e-05	0.0	0.0	0.0	0.0	0.0	0.0	0.0	0.0	0.0	0.0	0.0	0.0	0.00508179	0.0	0.0	0.0053873	0.0	0.0	0.013592476	0.0	0.000267992	0.0	0.0	0.0	0.0	0.0	0.0	0.0	0.0	0.0	0.107548405	0.0	0.000885351
K04487|virulent	0.0	0.0	0.0	0.0	0.0	0.0	0.0	0.0	0.0	0.0	0.0	0.0	0.0	0.0	0.0	0.0	0.0	0.0	0.0	0.0	0.000255533	0.0	0.0	0.0	0.0	0.0	0.0	0.0	0.0	0.000210602	0.0	0.0	0.005410124	0.0	0.0	0.005629458	0.0	0.000696931	0.0	0.0	0.0	0.0	0.0	0.0	0.0	0.0	0.0	0.0	0.0	0.0	0.0	0.0	0.0
K06131|virulent	9.22e-05	9.86e-05	0.0	0.0	0.0	0.003445147	0.0	0.0	0.0	0.0	0.0	0.0	0.0	0.0	0.0	0.0	0.0	0.0	0.0	0.0	0.0	0.0	0.0	0.0	0.0	0.0	0.0	0.0	0.0	0.0	0.0	0.0	0.0	0.0	0.0	0.0	0.0	0.0	0.0	0.0	0.0	0.0	0.0	0.0	0.0	0.0	0.0	0.0	0.0	0.0	0.0	0.0	0.0
K06211|virulent	0.0	0.0	0.0	0.0	0.0	0.0	0.0	0.0	0.0	0.0	0.0	8.66e-05	0.0	0.0	0.001175249	5.23e-05	0.0	0.0	0.0	0.0	0.0	0.00045847	0.00027474	0.005568269	0.0	0.0	0.0	0.0	0.0	0.0	0.0	0.0	0.0	0.0	0.0	0.0	0.0	0.0	0.0	0.0	0.0	0.0	0.0	0.000116896	0.0	0.0	0.0	0.0	0.0	0.0	0.0	0.0	0.0
K06217|temperate	0.0	0.0	0.0	0.0	0.0	0.0	0.0	0.0	0.0	0.0	0.0	0.0	0.0	0.0	0.0	0.0	0.0	0.0	0.0	0.002191647	0.0	0.0	0.0	0.0	0.0	0.0	0.0	0.0	0.0	0.00061185	0.0	0.0	0.0	0.0	0.0	0.0	0.0	0.0	0.0	0.0	0.0	0.0	0.0	0.0	0.0	0.0	0.0	0.0	0.0	0.0	0.0	0.0	0.0
K06217|virulent	0.00537819	0.0	0.0	0.0	0.0	0.0	0.0	0.0	0.0	0.000342117	0.0	5.04e-05	0.0	0.0	0.003554441	0.0	8.47e-05	0.0	0.000152135	0.0068125519999999995	0.0	0.0045310969999999996	0.000463865	0.0	0.0	0.0	0.0	0.0	0.00424327	0.0	0.0	0.0	0.0	0.009975399	0.0	0.0	0.0	0.0	0.0	0.0	0.0	0.0	0.0	0.000443215	0.0	0.0	0.0	0.0	0.0	0.0	0.0	0.0	0.0
K06920|virulent	0.000458228	0.002217667	0.000263861	0.0	0.0	0.00035695	0.0	0.007169706	0.000367561	0.000466075	0.0	0.000624766	0.013260292	0.0	0.0	0.007689897	0.0	0.007197685	0.000697311	0.000318825	0.0	0.000155513	0.0046306030000000005	0.002975417	0.0	0.0	0.000655847	0.002079328	0.025092131	0.001138803	0.000730717	0.001211739	0.0	0.001556727	0.0	0.000963462	0.0	0.0	0.0	0.0011149839999999999	0.0	0.0	0.0	7.2e-05	0.0	0.0	0.0	0.0	0.0	0.00381558	0.0	0.0	0.001672041
K06952|virulent	0.0	0.0	0.0	0.0	0.0	0.0	0.0	0.0	0.0	0.000172953	0.0	0.0	0.0	0.0	0.0	0.0	0.0	0.0	0.0	0.0	0.0	0.0	0.0	0.0	0.0	0.0	0.0	0.0	0.0	0.0	0.0	0.0	0.000561628	0.0	0.0	0.0	0.0	0.0	0.0	0.0	0.0	0.0	0.0	0.0	0.0	0.0	0.0	0.0	0.0	0.0	0.0	0.0	0.0
K07173|temperate	0.0	0.0	0.0	0.0	0.0	0.0	0.0	0.0	0.0	0.0	0.0	0.0	0.0	0.0	0.026268192	0.10727858	0.0	0.0	0.000550544	0.0	0.0	0.00048618	0.001060836	0.0	0.0	0.0	0.0	0.0	0.0	0.0	0.0	0.0	0.0	0.0	0.0	0.0	0.0	0.0	0.0	0.0	0.0	0.0	0.0	0.0	0.0	0.0	0.0	0.0	0.0	0.0	0.0	0.0	0.0
K08094|virulent	0.0	0.0	0.0	0.0	0.003479601	0.0	0.000223562	0.0	0.0	0.0	0.0	0.0	0.0	0.0	0.0	0.000185623	0.0	0.0	0.00167572	0.0	0.0	0.0	0.000116444	0.0	0.0	0.0	0.000990115	0.0	0.0	0.0	0.0	0.0	0.0	0.0	0.0	0.0	0.0	0.0	0.0	0.0	0.0	0.0	0.0	0.0	0.0	0.0	0.0	0.0	0.0	0.0	0.0	0.0	0.0
K08281|temperate	0.002020918	0.0	0.000358887	0.0	0.0	0.003377991	0.000582138	0.0	0.000663938	0.005450313	0.016786321	0.004642214	0.001021889	0.0	0.00167322	0.0007078939999999999	0.016950985000000002	0.0	0.001233805	0.000842903	0.0	0.000393722	0.0019523259999999999	0.000802067	0.0	0.0	0.000190425	0.0	0.001578738	0.0	0.0	0.0	0.000217224	0.0	0.0	0.0	0.0	0.0	0.0	0.000146042	0.002350564	0.000151165	0.0028342560000000003	0.0	0.0	0.000137089	0.0	0.0	0.0	0.011601482000000002	0.0	0.0	0.00161284
K08281|virulent	0.010615102	0.123978994	0.005280822	0.0	0.0	6.1e-05	9.3e-05	0.007631605	0.0	0.0	0.001313879	0.0	0.000779044	0.0	0.0011967780000000001	0.011230174	0.000173129	0.0	0.095743548	0.000356401	0.000124023	0.005667724999999999	0.044852731	0.018748436	0.0	0.001571566	0.0	0.0	0.0	0.000112637	0.0	0.0	0.0	0.0	0.0	0.0	0.0	0.015169331	0.019979072	0.0	0.0	0.0	0.000466094	0.000299926	0.005730923	0.0	0.0	0.0	0.0	0.0	0.004721619	0.0	0.0
K08320|temperate	0.0	0.0	0.0	0.0	0.0	0.0	0.0	0.0	0.0	0.0	0.0	0.0	0.0	0.0	0.0	0.0	0.0	0.0	0.0	0.0	0.0	0.0	0.0	0.0	0.0	0.0	0.000123521	0.0	0.0	0.0	0.0	0.0	0.0	0.0	0.0	0.0	0.0	0.0	0.0	0.0	0.0	0.0	0.0	0.0	0.0	0.0	0.0	0.0	0.0	0.0	0.0	0.0	0.0
K09457|virulent	0.0	0.002217667	0.0	0.0	0.0	0.0	0.0	0.007169706	0.000367561	0.000466075	0.0	0.000538666	0.007662319	0.0	0.0	0.007548354	0.0	0.0	0.000697311	0.0001529	0.0	0.000155513	0.004577903	0.002975417	0.0	0.0	0.0	0.0	0.0	9.17e-05	0.0	0.0	0.002342874	0.0	0.0	0.0	0.0	0.0	0.0	0.000134965	0.0	0.0	0.0	0.0	0.0	0.0	0.0	0.0	0.0	0.0	0.0	0.0	0.0
K09882|temperate	0.000280063	0.0	0.0	0.0	0.0	0.0	0.0	0.0	0.0	0.0	0.0	0.003437381	0.0	0.0	0.0	0.0	0.0	0.0	0.0	0.0	0.0	0.0	0.0	0.0	0.0	0.0	0.0	0.0	0.0	0.0	0.0	0.0	0.0	0.0	0.0	0.0	0.0	0.0	0.0	0.0	0.0	0.0	0.001076864	0.0	0.0	0.0	0.0	0.0	0.0	0.0	0.0	0.0	0.0
K09882|virulent	0.001216584	0.000484024	0.0	0.0	0.0	0.002606895	0.0	0.000134776	0.0	0.002396334	0.001474699	0.000252257	0.000775091	0.0	0.0	0.000116502	0.0	0.004697406	0.0	0.000735976	0.000681922	0.000171822	0.001736812	9.96e-05	0.0	0.004924966	0.000151378	0.017283862	0.0	0.000310146	0.0	0.007176714	0.0	0.003535564	0.0	0.0	0.0	0.0	0.0	0.0	0.0	0.0	0.042614317	0.0079532	0.0	0.0	0.000629745	0.005131585	0.0	0.000948433	0.0	0.0	0.0
K10026|virulent	0.0	0.0	0.0	0.0	0.0	0.000143876	0.0	0.0	0.000250493	0.0	0.0	0.0	3.66e-05	0.0	0.0	0.0	0.0	0.007197685	0.0	8.620000000000001e-05	0.0	0.0	0.0	0.0	0.0	0.0	0.0	0.000987558	0.025092131	0.00031352699999999997	0.000730717	0.0	0.0	0.001556727	0.0	0.002425117	0.0	0.0	0.0	0.000220939	0.0	0.0	0.0	0.0	0.0	0.0	0.0	0.0	0.0	0.000670705	0.0	0.0	0.001672041
K10353|virulent	0.0	0.0	0.0	0.0	0.0	0.0	0.000113752	0.0	0.0	0.0	0.0	0.00012587	0.000278631	0.0	0.0	0.0	0.0	0.0	0.0	0.0	0.0	0.0	0.0	0.0	0.0	0.0	0.0	0.0	0.0	0.0	0.0	0.0	0.0	0.0	0.0	0.0	0.0	0.0	0.0	0.0	0.0	0.0	0.000202171	0.0	0.0	0.0	0.0	0.0	0.0	0.0	0.0	0.0	0.0
K11751|virulent	0.0	0.0	0.0	0.0	0.0	0.0	0.0	0.0	0.0	0.0	0.0	0.0	0.0	0.0	0.0	0.0	0.0	0.0	0.0	0.0	0.0	0.0	0.0	0.000418264	0.0	0.0	0.0	0.0	0.0	0.0	0.0	0.0	0.0	0.0	0.0	0.0	0.0	0.0	0.0	0.0	0.0	0.0	0.0	0.0	0.0	0.0	0.0	0.0	0.0	0.0	0.0	0.0	0.0
K11752|virulent	0.0	0.0	0.0	0.0	0.0	0.0	0.0	0.0	0.0	0.0	0.0	0.0	0.0	0.0	0.0	0.0	0.0	0.0	0.0	0.0	0.000317797	0.0	0.0	0.0	0.0	0.0	0.0	0.0	0.0	0.0	0.0	0.0	0.0	0.0	0.0	0.0	0.0	0.0	0.0	0.0	0.0	0.0	0.0	0.001568441	0.0	0.0	0.0	0.0	0.0	0.0	0.0	0.0	0.0
K12410|temperate	0.002020918	0.0	0.0	0.001910826	0.0	0.0	0.000582138	0.0	0.0	0.0	0.000798706	0.004268951	8.01e-05	0.0	0.0	0.0	0.0	0.0	0.000240148	0.0006703	0.0	0.000108907	0.000155491	0.0	0.0	0.0	0.0	0.0	0.0	0.0	0.0	0.0	0.0	0.0	0.0	0.0	0.0	0.0	0.0	0.000303511	0.0	0.0	0.001522467	0.0	0.0	0.0	0.0	0.0	0.0	0.0	0.0	0.0	0.0
K12410|virulent	0.004796298	0.019921438	0.0	0.0	0.002388973	7.91e-05	0.0	0.001466231	0.0	0.000125117	0.002260428	7.04e-05	0.0	0.000932997	0.0	0.001052772	0.0	0.0	0.0	0.000174965	0.000346132	0.0	0.001250964	0.000598405	0.0	0.001732866	0.0	0.0	0.0	0.00032095	0.001349814	0.012013606	0.001733342	0.0	0.0	0.0	0.0	0.0	0.0	7.04e-05	0.0	0.0	0.012741102	0.0079532	0.0	0.0	0.0	0.001735561	0.0	0.0	0.004542132	0.001490776	0.0
K13522|virulent	0.0	0.0	0.0	0.0	0.0	0.0	0.0	0.0	0.0	0.000272875	0.0	0.0	0.0	0.0	0.0	0.0	0.0	0.0	0.0	0.0	0.0	0.0	0.0	0.0	0.0	0.0	0.0	0.0	0.0	0.0	0.0	0.0	0.0	0.0	0.0	0.0	0.0	0.0	0.0	0.0	0.0	0.0	0.0	0.0	0.0	0.0	0.0	0.0	0.0	0.0	0.0	0.0	0.0
K13979|virulent	0.0	0.0	0.0	0.0	0.0	0.0	0.0	0.0	0.0	0.0	0.0	0.0	0.0	0.0	0.0	0.0	0.0	0.0	0.0	0.00072443	0.0	0.0	0.0	0.0	0.0	0.0	0.0	0.0	0.0	0.0	0.0	0.0	0.0	0.0	0.0	0.0	0.0	0.0	0.0	0.0	0.0	0.0	0.0	0.0	0.0	0.0	0.0	0.0	0.0	0.0	0.0	0.0	0.0
K14606|virulent	0.0	0.0	0.0	0.0	0.0	0.0	0.0	0.0	0.0	0.0	0.0	0.0	0.0	0.0	0.0	0.0	0.0	0.0	0.0	9.97e-05	0.0	0.0	0.0	0.0	0.0	0.0	0.0	0.0	0.0	0.000160895	0.0	0.0	0.0	0.0	0.0	0.0	0.0	0.0	0.0	0.0	0.0	0.0	0.0	0.0	0.0	0.0	0.0	0.0	0.0	0.0	0.0	0.0	0.0
K16182|temperate	0.0	0.0	0.0	0.0	0.0	0.0	0.0	0.0	0.0	0.0	0.0	0.0	0.0	0.0	0.0	0.0	0.0	0.0	0.0	0.000234513	0.0	8.47e-05	0.0	0.0	0.0	0.0	0.0	0.0	0.0	0.0	0.0	0.0	0.0	0.0	0.0	0.0	0.0	0.0	0.0	0.0	0.0	0.0	0.0	0.0	0.0	0.0	0.0	0.0	0.0	0.0	0.0	0.0	0.0
K17398|temperate	0.0	0.0	0.0	0.0	0.0	0.0	0.0	0.0	0.0	0.0	0.0	0.0	0.0	0.0	0.000938114	0.002308555	0.00409461	0.0	0.000623067	3.3799999999999995e-05	0.0	0.0	0.000167432	0.0	0.0	0.001562742	0.000147576	0.0	0.0	0.000377017	0.0	0.0	0.0	0.0	0.0	0.0	0.0	0.0	0.0	0.0	0.0	0.0	0.0	0.000345681	0.0	0.0	0.0	0.0	0.0	0.0	0.0	0.0	0.0
K17398|virulent	8.19e-05	0.0	0.0	0.0	0.0	0.001961408	0.0	0.0	0.0	0.001489473	0.0	0.0	0.0	0.0	0.0	0.0	0.0	0.007295792	0.0	0.0	0.0	0.0	0.0	0.0	0.0	0.00037674	0.000320779	0.0	0.0	0.000561475	0.0	0.0	0.0	0.001617674	0.0	0.0	0.0	0.0	0.0	0.000919437	0.002095217	0.0	0.000674422	0.0	0.0	0.0	0.0	0.0	0.0	0.000397625	0.0	0.0	0.001184561
K19796|virulent	0.00048234	0.0	0.0	0.0	0.0	0.001358243	0.0	0.0	0.0	0.0	0.0	0.0	0.0	0.0	0.0	0.002662003	0.0	0.0	0.0	0.0	0.0	0.0	0.0	0.0	0.0	0.0	0.000494344	0.0	0.0	6.83e-05	0.0	0.0	0.0	0.0	0.0	0.0	0.0	0.0	0.0	0.0	0.0	0.0	0.0	0.004974340999999999	0.0	0.0	0.0	0.0	0.0	0.0	0.0	0.0	0.0
K21636|temperate	0.072183283	0.001256332	0.002944736	0.023512296000000002	0.004885631	0.026678345	0.006069185	0.08764651	0.004182274	0.061266473	0.051935366	0.017724883	0.00840254	0.0	0.011397214999999999	0.008325475	0.15833148	0.0	0.011042184	0.0031820019999999997	0.002664996	0.0034389	0.018480836	0.163340622	0.0	0.002670294	0.032217071	0.062217645	0.0	0.003036554	0.041121828	0.011836814	0.007144579	0.002579507	0.0	0.002996001	0.037484073	0.001712299	0.019776277	0.003057698	0.013510358	0.001816135	0.005953842	0.001673926	0.007391245	0.0	0.0	0.012330578000000002	0.0	0.024802713	0.0	0.0	0.001543176
K21636|virulent	0.103500625	0.46905816000000006	0.067195146	0.011248069999999999	0.359490562	0.177443733	0.230273428	0.132567086	0.086849681	0.188181714	0.046486564	0.053825078	0.090580413	0.013793858	0.09471563499999999	0.128132824	0.06930631799999999	0.008621132	0.118774921	0.007602936	0.074415398	0.38576113	0.078887994	0.096179667	0.010687906	0.08958421800000001	0.285570712	0.025987402	0.012729810000000001	0.5604238850000001	0.044753192	0.046029838	0.025766747	0.03597491	0.006337609	0.0	0.02153542	0.031473786	0.039941768999999995	0.43360877800000003	0.0007965579999999999	0.121440587	0.05767516	0.031906104	0.144357554	8.1e-05	0.001244464	0.0	0.008982123	0.010376485	0.052020328	0.0	0.001012986
K22954|virulent	0.0	0.0	0.0	0.0	0.0	0.0	0.0	0.0	0.0	0.0	0.0	0.0	0.0	0.0	0.0	0.0	0.0	0.0	0.0	0.0	0.0	0.0	0.0	0.0	0.0	0.0	4.08e-05	0.0	0.0	0.0	0.0	0.0	0.0	0.0	0.0	0.0	0.0	0.0	0.0	0.0	0.0	0.0	0.0	0.0	0.0	0.0	0.0	0.0	0.0	0.0	0.0	0.0	0.0
K23987|virulent	0.0	0.0	0.0	0.0	0.0	0.0	0.0	0.0	0.0	0.0	0.0	0.0	0.0	0.0	0.0	0.0	0.0	0.0	0.0	0.0	0.0	0.0	0.0	0.0	0.0	0.0	0.0	0.0	0.0	0.0	0.0	0.0	0.0	0.0	0.0	0.0	0.0	0.0	0.0	0.0	0.0	0.0	0.0	0.000126741	0.0	0.0	0.0	0.0	0.0	0.0	0.0	0.0	0.0
K25641|virulent	0.0	0.0	0.0	0.0	0.0	0.0	0.001060777	0.0	0.0	0.000237085	0.0	0.0	0.0	0.0	0.0	0.0	0.0	0.0	0.0	0.0	0.0	0.0	0.0	0.0	0.0	0.0	0.0	0.0	0.0	0.0	0.0	0.0	0.0	0.0	0.0	0.0	0.0	0.0	0.0	0.0	0.0	0.0	0.0	0.0	0.0	0.0	0.0	0.0	0.0	0.0	0.0	0.0	0.0
