sample	Richness	Shannon
Rat2	763	4.776255305670648
Rat4	425	3.711356125118909
Rat5	408	5.105764206935439
Rat8	302	4.089223340397231
Rat10	492	3.6686363942926903
Rat12	858	4.611095045551492
Rat13	695	4.207582484320858
Rat16	309	3.222040746446347
Rat18	411	4.549481717941525
Rat21	826	4.848350947806806
Rat23	327	4.889578964293579
Rat24	697	3.2055560944281263
Rat25	965	4.8548253988365895
Rat237	274	4.3648122560985065
Rat61	418	3.6844721492391566
Rat60	715	4.388292613624027
Rat57	448	4.0187908861264985
Rat139	85	3.593800524477463
Rat52	1006	4.288984011189293
Rat51	2073	5.841249414002772
Rat226	438	4.014869207825791
Rat50	968	4.242614477478274
Rat47	990	5.032579132301235
Rat40	908	4.509988854885647
Rat236	137	4.3012179278002
Rat32	725	4.494923117319957
Rat26	819	5.123283359157784
Rat238	310	3.8688740600252736
Rat140	140	3.3698053230510205
Rat198	1996	5.725220764162216
Rat142	186	4.252269944651463
Rat141	193	4.489947644760505
Rat230	618	4.694737302564776
Rat137	92	2.9084640559475585
Rat122	250	4.169445031893183
Rat125	229	3.8094178745052827
Rat124	193	4.27209673420305
Rat120	335	5.235506177663287
Rat123	150	4.142472315994364
Rat41	576	4.140285496114911
Rat39	300	3.610911390946174
Rat34	527	4.828229535710797
Rat29	302	4.037003127819293
Rat231	788	4.357320847018246
Rat225	241	3.687459588922215
Rat222	239	0.8807245640458408
Rat201	150	2.870056969345302
Rat197	246	4.897855721280509
Rat187	35	2.3588315779879503
Rat143	360	5.104993532299236
Rat128	117	4.266866061697881
Rat127	80	3.1623598632486836
Rat138	99	2.479880028995299
