"","Species","Area"
"Rat10","R. norvegicus","City regions"
"Rat12","R. norvegicus","City regions"
"Rat13","R. norvegicus","City regions"
"Rat16","R. norvegicus","City regions"
"Rat18","R. tanezumi","City regions"
"Rat23","R. tanezumi","City regions"
"Rat24","R. tanezumi","City regions"
"Rat25","R. tanezumi","City regions"
"Rat2","R. norvegicus","City regions"
"Rat4","R. norvegicus","City regions"
"Rat5","R. tanezumi","City regions"
"Rat8","R. tanezumi","City regions"
"Rat21","R. norvegicus","City regions"
"Rat61","R. norvegicus","Livestock"
"Rat60","R. norvegicus","Livestock"
"Rat57","R. norvegicus","Livestock"
"Rat52","R. norvegicus","Livestock"
"Rat51","R. norvegicus","Livestock"
"Rat50","R. norvegicus","Livestock"
"Rat47","R. norvegicus","Livestock"
"Rat40","R. norvegicus","City regions"
"Rat32","R. norvegicus","City regions"
"Rat26","R. norvegicus","City regions"
"Rat238","R. norvegicus","Suburbs"
"Rat198","R. norvegicus","Livestock"
"Rat142","R. norvegicus","Suburbs"
"Rat141","R. norvegicus","Suburbs"
"Rat137","R. norvegicus","Suburbs"
"Rat122","R. tanezumi","Livestock"
"Rat125","R. tanezumi","Livestock"
"Rat124","R. tanezumi","Livestock"
"Rat120","R. tanezumi","Livestock"
"Rat123","R. tanezumi","Livestock"
"Rat41","R. tanezumi","City regions"
"Rat39","R. tanezumi","City regions"
"Rat34","R. tanezumi","City regions"
"Rat29","R. tanezumi","City regions"
"Rat231","R. tanezumi","Suburbs"
"Rat225","R. tanezumi","Suburbs"
"Rat222","R. tanezumi","Suburbs"
"Rat197","R. tanezumi","Suburbs"
"Rat187","R. tanezumi","Suburbs"
"Rat143","R. tanezumi","Suburbs"
"Rat128","R. tanezumi","Livestock"
"Rat127","R. tanezumi","Livestock"
